S1,colhub_aoi,2023-12-01,332
S1,colhub_aoi,2023-12-02,340
S1,colhub_aoi,2023-12-03,360
S1,colhub_aoi,2023-12-04,342
S1,colhub_aoi,2023-12-05,359
S1,colhub_aoi,2023-12-06,407
S1,colhub_aoi,2023-12-07,339
S1,colhub_aoi,2023-12-08,319
S1,colhub_aoi,2023-12-09,349
S1,colhub_aoi,2023-12-10,368
S1,colhub_aoi,2023-12-11,329
S1,colhub_aoi,2023-12-12,335
S1,colhub_aoi,2023-12-13,281
S1,colhub_aoi,2023-12-14,290
S1,colhub_aoi,2023-12-15,308
S1,colhub_aoi,2023-12-16,290
S1,colhub_aoi,2023-12-17,317
S1,colhub_aoi,2023-12-18,342
S1,colhub_aoi,2023-12-19,276
S1,colhub_aoi,2023-12-20,266
S1,colhub_aoi,2023-12-21,284
S1,colhub_aoi,2023-12-22,314
S1,colhub_aoi,2023-12-23,273
S1,colhub_aoi,2023-12-24,289
S1,colhub_aoi,2023-12-25,281
S1,colhub_aoi,2023-12-26,290
S1,colhub_aoi,2023-12-27,308
S1,colhub_aoi,2023-12-28,290
S1,colhub_aoi,2023-12-29,315
S1,colhub_aoi,2023-12-30,322
S1,colhub_aoi,2023-12-31,275
S1,colhub_aoi,2024-01-01,282
S2L1C,colhub_aoi,2023-12-01,139
S2L1C,colhub_aoi,2023-12-02,147
S2L1C,colhub_aoi,2023-12-03,124
S2L1C,colhub_aoi,2023-12-04,47
S2L1C,colhub_aoi,2023-12-05,122
S2L1C,colhub_aoi,2023-12-06,116
S2L1C,colhub_aoi,2023-12-07,140
S2L1C,colhub_aoi,2023-12-08,116
S2L1C,colhub_aoi,2023-12-09,117
S2L1C,colhub_aoi,2023-12-10,106
S2L1C,colhub_aoi,2023-12-11,110
S2L1C,colhub_aoi,2023-12-12,113
S2L1C,colhub_aoi,2023-12-13,114
S2L1C,colhub_aoi,2023-12-14,104
S2L1C,colhub_aoi,2023-12-15,105
S2L1C,colhub_aoi,2023-12-16,97
S2L1C,colhub_aoi,2023-12-17,104
S2L1C,colhub_aoi,2023-12-18,97
S2L1C,colhub_aoi,2023-12-19,97
S2L1C,colhub_aoi,2023-12-20,84
S2L1C,colhub_aoi,2023-12-21,99
S2L1C,colhub_aoi,2023-12-22,106
S2L1C,colhub_aoi,2023-12-23,88
S2L1C,colhub_aoi,2023-12-24,104
S2L1C,colhub_aoi,2023-12-25,103
S2L1C,colhub_aoi,2023-12-26,90
S2L1C,colhub_aoi,2023-12-27,104
S2L1C,colhub_aoi,2023-12-28,99
S2L1C,colhub_aoi,2023-12-29,98
S2L1C,colhub_aoi,2023-12-30,95
S2L1C,colhub_aoi,2023-12-31,101
S2L2A,colhub_aoi,2023-12-01,139
S2L2A,colhub_aoi,2023-12-02,147
S2L2A,colhub_aoi,2023-12-03,124
S2L2A,colhub_aoi,2023-12-04,47
S2L2A,colhub_aoi,2023-12-05,122
S2L2A,colhub_aoi,2023-12-06,116
S2L2A,colhub_aoi,2023-12-07,140
S2L2A,colhub_aoi,2023-12-08,116
S2L2A,colhub_aoi,2023-12-09,117
S2L2A,colhub_aoi,2023-12-10,106
S2L2A,colhub_aoi,2023-12-11,110
S2L2A,colhub_aoi,2023-12-12,113
S2L2A,colhub_aoi,2023-12-13,114
S2L2A,colhub_aoi,2023-12-14,104
S2L2A,colhub_aoi,2023-12-15,105
S2L2A,colhub_aoi,2023-12-16,97
S2L2A,colhub_aoi,2023-12-17,104
S2L2A,colhub_aoi,2023-12-18,97
S2L2A,colhub_aoi,2023-12-19,97
S2L2A,colhub_aoi,2023-12-20,84
S2L2A,colhub_aoi,2023-12-21,99
S2L2A,colhub_aoi,2023-12-22,106
S2L2A,colhub_aoi,2023-12-23,88
S2L2A,colhub_aoi,2023-12-24,104
S2L2A,colhub_aoi,2023-12-25,103
S2L2A,colhub_aoi,2023-12-26,90
S2L2A,colhub_aoi,2023-12-27,104
S2L2A,colhub_aoi,2023-12-28,99
S2L2A,colhub_aoi,2023-12-29,98
S2L2A,colhub_aoi,2023-12-30,95
S2L2A,colhub_aoi,2023-12-31,101
S3,colhub_aoi,2023-12-01,1116
S3,colhub_aoi,2023-12-02,1145
S3,colhub_aoi,2023-12-03,1182
S3,colhub_aoi,2023-12-04,1119
S3,colhub_aoi,2023-12-05,1117
S3,colhub_aoi,2023-12-06,1125
S3,colhub_aoi,2023-12-07,1118
S3,colhub_aoi,2023-12-08,1059
S3,colhub_aoi,2023-12-09,1004
S3,colhub_aoi,2023-12-10,997
S3,colhub_aoi,2023-12-11,1024
S3,colhub_aoi,2023-12-12,1033
S3,colhub_aoi,2023-12-13,1024
S3,colhub_aoi,2023-12-14,994
S3,colhub_aoi,2023-12-15,992
S3,colhub_aoi,2023-12-16,1038
S3,colhub_aoi,2023-12-17,986
S3,colhub_aoi,2023-12-18,1003
S3,colhub_aoi,2023-12-19,1014
S3,colhub_aoi,2023-12-20,1046
S3,colhub_aoi,2023-12-21,987
S3,colhub_aoi,2023-12-22,1033
S3,colhub_aoi,2023-12-23,1002
S3,colhub_aoi,2023-12-24,1028
S3,colhub_aoi,2023-12-25,987
S3,colhub_aoi,2023-12-26,1041
S3,colhub_aoi,2023-12-27,997
S3,colhub_aoi,2023-12-28,1015
S3,colhub_aoi,2023-12-29,993
S3,colhub_aoi,2023-12-30,1030
S3,colhub_aoi,2023-12-31,999
S3,colhub_aoi,2024-01-01,701
S5,colhub_aoi,2023-12-01,347
S5,colhub_aoi,2023-12-02,376
S5,colhub_aoi,2023-12-03,430
S5,colhub_aoi,2023-12-04,385
S5,colhub_aoi,2023-12-05,419
S5,colhub_aoi,2023-12-06,402
S5,colhub_aoi,2023-12-07,334
S5,colhub_aoi,2023-12-08,398
S5,colhub_aoi,2023-12-09,410
S5,colhub_aoi,2023-12-10,393
S5,colhub_aoi,2023-12-11,368
S5,colhub_aoi,2023-12-12,347
S5,colhub_aoi,2023-12-13,309
S5,colhub_aoi,2023-12-14,364
S5,colhub_aoi,2023-12-15,296
S5,colhub_aoi,2023-12-16,378
S5,colhub_aoi,2023-12-17,370
S5,colhub_aoi,2023-12-18,339
S5,colhub_aoi,2023-12-19,320
S5,colhub_aoi,2023-12-20,347
S5,colhub_aoi,2023-12-21,368
S5,colhub_aoi,2023-12-22,368
S5,colhub_aoi,2023-12-23,381
S5,colhub_aoi,2023-12-24,330
S5,colhub_aoi,2023-12-25,393
S5,colhub_aoi,2023-12-26,378
S5,colhub_aoi,2023-12-27,352
S5,colhub_aoi,2023-12-28,369
S5,colhub_aoi,2023-12-29,249
S5,colhub_aoi,2023-12-30,378
S5,colhub_aoi,2023-12-31,341
S5,colhub_aoi,2024-01-01,227
S1,global,2023-12-01,3597
S1,global,2023-12-02,3378
S1,global,2023-12-03,3367
S1,global,2023-12-04,3407
S1,global,2023-12-05,3507
S1,global,2023-12-06,3858
S1,global,2023-12-07,3471
S1,global,2023-12-08,3463
S1,global,2023-12-09,3550
S1,global,2023-12-10,3523
S1,global,2023-12-11,3766
S1,global,2023-12-12,3142
S1,global,2023-12-13,3055
S1,global,2023-12-14,2792
S1,global,2023-12-15,2844
S1,global,2023-12-16,2833
S1,global,2023-12-17,2858
S1,global,2023-12-18,3121
S1,global,2023-12-19,2841
S1,global,2023-12-20,2921
S1,global,2023-12-21,2824
S1,global,2023-12-22,882
S2L1C,global,2023-12-01,10206
S2L1C,global,2023-12-02,9093
S2L1C,global,2023-12-03,9927
S2L1C,global,2023-12-04,1774
S2L2A,global,2023-12-01,10094
S2L2A,global,2023-12-02,9000
S2L2A,global,2023-12-03,9810
S2L2A,global,2023-12-04,6273
S2L2A,global,2023-12-05,7065
S2L2A,global,2023-12-06,8207
S2L2A,global,2023-12-07,9522
S2L2A,global,2023-12-08,8950
S2L2A,global,2023-12-09,9494
S2L2A,global,2023-12-10,8522
S2L2A,global,2023-12-11,9223
S2L2A,global,2023-12-12,8681
S2L2A,global,2023-12-13,10505
S2L2A,global,2023-12-14,8873
S2L2A,global,2023-12-15,9486
S2L2A,global,2023-12-16,8916
S2L2A,global,2023-12-17,9327
S2L2A,global,2023-12-18,8448
S2L2A,global,2023-12-19,9638
S2L2A,global,2023-12-20,8561
S2L2A,global,2023-12-21,9842
S2L2A,global,2023-12-22,8622
S2L2A,global,2023-12-23,9576
S2L2A,global,2023-12-24,8813
S2L2A,global,2023-12-25,9241
S2L2A,global,2023-12-26,8890
S2L2A,global,2023-12-27,9534
S2L2A,global,2023-12-28,8833
S2L2A,global,2023-12-29,9652
S2L2A,global,2023-12-30,8636
S2L2A,global,2023-12-31,9885
S2L2A,global,2024-01-01,818
S2L1C,colhub_aoi,2024-01-01,111
S2L1C,colhub_aoi,2024-01-02,100
S2L1C,colhub_aoi,2024-01-03,110
S2L1C,colhub_aoi,2024-01-04,114
S2L1C,colhub_aoi,2024-01-05,109
S2L1C,colhub_aoi,2024-01-06,124
S2L1C,colhub_aoi,2024-01-07,119
S2L1C,colhub_aoi,2024-01-08,125
S2L1C,colhub_aoi,2024-01-09,128
S2L1C,colhub_aoi,2024-01-10,132
S2L1C,colhub_aoi,2024-01-11,228
S2L1C,colhub_aoi,2024-01-12,132
S2L1C,colhub_aoi,2024-01-13,147
S2L1C,colhub_aoi,2024-01-14,143
S2L1C,colhub_aoi,2024-01-15,100
S2L1C,colhub_aoi,2024-01-16,179
S2L1C,colhub_aoi,2024-01-17,191
S2L1C,colhub_aoi,2024-01-18,215
S2L1C,colhub_aoi,2024-01-19,183
S2L1C,colhub_aoi,2024-01-20,193
S2L1C,colhub_aoi,2024-01-21,230
S2L1C,colhub_aoi,2024-01-22,199
S2L1C,colhub_aoi,2024-01-23,215
S2L1C,colhub_aoi,2024-01-24,230
S2L1C,colhub_aoi,2024-01-25,240
S2L1C,colhub_aoi,2024-01-26,241
S2L1C,colhub_aoi,2024-01-27,232
S2L1C,colhub_aoi,2024-01-28,274
S2L1C,colhub_aoi,2024-01-29,272
S2L2A,colhub_aoi,2024-01-01,111
S2L2A,colhub_aoi,2024-01-02,100
S2L2A,colhub_aoi,2024-01-03,110
S2L2A,colhub_aoi,2024-01-04,114
S2L2A,colhub_aoi,2024-01-05,109
S2L2A,colhub_aoi,2024-01-06,124
S2L2A,colhub_aoi,2024-01-07,119
S2L2A,colhub_aoi,2024-01-08,125
S2L2A,colhub_aoi,2024-01-09,128
S2L2A,colhub_aoi,2024-01-10,132
S2L2A,colhub_aoi,2024-01-11,228
S2L2A,colhub_aoi,2024-01-12,132
S2L2A,colhub_aoi,2024-01-13,147
S2L2A,colhub_aoi,2024-01-14,143
S2L2A,colhub_aoi,2024-01-15,100
S2L2A,colhub_aoi,2024-01-16,179
S2L2A,colhub_aoi,2024-01-17,191
S2L2A,colhub_aoi,2024-01-18,215
S2L2A,colhub_aoi,2024-01-19,183
S2L2A,colhub_aoi,2024-01-20,193
S2L2A,colhub_aoi,2024-01-21,230
S2L2A,colhub_aoi,2024-01-22,199
S2L2A,colhub_aoi,2024-01-23,215
S2L2A,colhub_aoi,2024-01-24,230
S2L2A,colhub_aoi,2024-01-25,240
S2L2A,colhub_aoi,2024-01-26,241
S2L2A,colhub_aoi,2024-01-27,232
S2L2A,colhub_aoi,2024-01-28,274
S2L2A,colhub_aoi,2024-01-29,272
S3,colhub_aoi,2024-01-02,1108
S3,colhub_aoi,2024-01-03,1143
S3,colhub_aoi,2024-01-04,1133
S3,colhub_aoi,2024-01-05,1095
S3,colhub_aoi,2024-01-06,1036
S3,colhub_aoi,2024-01-07,1012
S3,colhub_aoi,2024-01-08,1033
S3,colhub_aoi,2024-01-09,1051
S3,colhub_aoi,2024-01-10,995
S3,colhub_aoi,2024-01-11,1035
S3,colhub_aoi,2024-01-12,1036
S3,colhub_aoi,2024-01-13,1020
S3,colhub_aoi,2024-01-14,1003
S3,colhub_aoi,2024-01-15,1049
S3,colhub_aoi,2024-01-16,1046
S3,colhub_aoi,2024-01-17,1015
S3,colhub_aoi,2024-01-18,1028
S3,colhub_aoi,2024-01-19,1030
S3,colhub_aoi,2024-01-20,1041
S3,colhub_aoi,2024-01-21,1021
S3,colhub_aoi,2024-01-22,1077
S3,colhub_aoi,2024-01-23,1032
S3,colhub_aoi,2024-01-24,450
S5,colhub_aoi,2024-01-02,347
S5,colhub_aoi,2024-01-03,313
S5,colhub_aoi,2024-01-04,369
S5,colhub_aoi,2024-01-05,370
S5,colhub_aoi,2024-01-06,394
S5,colhub_aoi,2024-01-07,347
S5,colhub_aoi,2024-01-08,385
S5,colhub_aoi,2024-01-09,410
S5,colhub_aoi,2024-01-10,419
S5,colhub_aoi,2024-01-11,364
S5,colhub_aoi,2024-01-12,385
S5,colhub_aoi,2024-01-13,385
S5,colhub_aoi,2024-01-14,420
S5,colhub_aoi,2024-01-15,457
S5,colhub_aoi,2024-01-16,385
S5,colhub_aoi,2024-01-17,402
S5,colhub_aoi,2024-01-18,381
S5,colhub_aoi,2024-01-19,212
S1,global,2023-12-23,3673
S1,global,2023-12-24,3191
S1,global,2023-12-25,3705
S1,global,2023-12-26,3462
S1,global,2023-12-27,3358
S1,global,2023-12-28,3448
S1,global,2023-12-29,3381
S1,global,2023-12-30,3587
S1,global,2023-12-31,3080
S1,global,2024-01-01,2482
S1,global,2024-01-02,3328
S1,global,2024-01-03,3315
S1,global,2024-01-04,1123
S2L1C,global,2023-12-21,9953
S2L1C,global,2023-12-22,8715
S2L1C,global,2023-12-23,9695
S2L1C,global,2023-12-24,8943
S2L1C,global,2023-12-25,9524
S2L1C,global,2023-12-26,8170
S1,colhub_aoi,2024-01-30,281
S3,colhub_aoi,2024-01-30,714
S5,colhub_aoi,2024-01-30,339
S1,global,2024-01-30,3142
S2L1C,global,2024-01-30,1121
S2L2A,global,2024-01-30,1077
S3,global,2024-01-30,8703
S5,global,2024-01-30,3031
S1,colhub_aoi,2024-01-31,303
S3,colhub_aoi,2024-01-31,649
S1,global,2024-01-31,2533
S2L1C,global,2024-01-31,942
S2L2A,global,2024-01-31,910
S1,colhub_aoi,2024-02-01,296
S3,colhub_aoi,2024-02-01,667
S5,colhub_aoi,2024-02-01,336
S1,global,2024-02-01,2520
S2L1C,global,2024-02-01,1033
S2L2A,global,2024-02-01,993
S3,global,2024-02-01,8218
S5,global,2024-02-01,3146
S1,colhub_aoi,2024-02-02,290
S3,colhub_aoi,2024-02-02,662
S5,colhub_aoi,2024-02-02,395
S1,global,2024-02-02,2901
S2L1C,global,2024-02-02,1151
S2L2A,global,2024-02-02,1108
S3,global,2024-02-02,8288
S5,global,2024-02-02,3163
S1,colhub_aoi,2024-02-03,285
S3,colhub_aoi,2024-02-03,690
S5,colhub_aoi,2024-02-03,437
S1,global,2024-02-03,2575
S2L1C,global,2024-02-03,1240
S2L2A,global,2024-02-03,1240
S3,global,2024-02-03,8269
S5,global,2024-02-03,3156
S1,colhub_aoi,2024-02-04,331
S3,colhub_aoi,2024-02-04,682
S5,colhub_aoi,2024-02-04,345
S1,global,2024-02-04,3101
S2L1C,global,2024-02-04,1042
S2L2A,global,2024-02-04,998
S3,global,2024-02-04,8269
S5,global,2024-02-04,3106
S1,colhub_aoi,2024-02-05,283
S3,colhub_aoi,2024-02-05,595
S5,colhub_aoi,2024-02-05,336
S1,global,2024-02-05,2695
S2L1C,global,2024-02-05,1006
S2L2A,global,2024-02-05,974
S3,global,2024-02-05,7772
S5,global,2024-02-05,3106
S1,colhub_aoi,2024-02-06,290
S3,colhub_aoi,2024-02-06,545
S5,colhub_aoi,2024-02-06,378
S1,global,2024-02-06,2626
S2L1C,global,2024-02-06,1079
S2L2A,global,2024-02-06,1040
S3,global,2024-02-06,7186
S5,global,2024-02-06,3166
S1,colhub_aoi,2024-02-07,324
S3,colhub_aoi,2024-02-07,556
S5,colhub_aoi,2024-02-07,411
S1,global,2024-02-07,2733
S2L1C,global,2024-02-07,1211
S2L2A,global,2024-02-07,1168
S3,global,2024-02-07,3000
S5,global,2024-02-07,3149
S1,colhub_aoi,2024-02-08,314
S3,colhub_aoi,2024-02-08,555
S5,colhub_aoi,2024-02-08,422
S1,global,2024-02-08,2711
S2L1C,global,2024-02-08,1126
S2L2A,global,2024-02-08,1126
S3,global,2024-02-08,7093
S5,global,2024-02-08,3149
S1,colhub_aoi,2024-02-09,305
S3,colhub_aoi,2024-02-09,545
S5,colhub_aoi,2024-02-09,354
S1,global,2024-02-09,2866
S2L1C,global,2024-02-09,1148
S2L2A,global,2024-02-09,1104
S3,global,2024-02-09,7141
S5,global,2024-02-09,3149
S1,colhub_aoi,2024-02-10,284
S3,colhub_aoi,2024-02-10,572
S5,colhub_aoi,2024-02-10,421
S1,global,2024-02-10,2549
S2L1C,global,2024-02-10,982
S2L2A,global,2024-02-10,950
S3,global,2024-02-10,7178
S5,global,2024-02-10,3106
S1,colhub_aoi,2024-02-11,281
S3,colhub_aoi,2024-02-11,571
S5,colhub_aoi,2024-02-11,431
S1,global,2024-02-11,3064
S2L1C,global,2024-02-11,1137
S2L2A,global,2024-02-11,1098
S3,global,2024-02-11,7137
S5,global,2024-02-11,3123
S1,colhub_aoi,2024-02-12,321
S3,colhub_aoi,2024-02-12,574
S5,colhub_aoi,2024-02-12,415
S1,global,2024-02-12,2915
S2L1C,global,2024-02-12,1206
S2L2A,global,2024-02-12,1162
S3,global,2024-02-12,5000
S5,global,2024-02-12,3156
S1,colhub_aoi,2024-02-13,306
S1,global,2024-02-13,2695
S2L1C,global,2024-02-13,1327
S2L2A,global,2024-02-13,1327
S1,colhub_aoi,2024-02-14,106
S3,colhub_aoi,2024-02-14,580
S5,colhub_aoi,2024-02-14,429
S1,global,2024-02-14,1841
S2L1C,global,2024-02-14,1080
S2L2A,global,2024-02-14,1036
S3,global,2024-02-14,7148
S5,global,2024-02-14,3174
S1,colhub_aoi,2024-02-15,317
S3,colhub_aoi,2024-02-15,579
S5,colhub_aoi,2024-02-15,496
S1,global,2024-02-15,2650
S2L1C,global,2024-02-15,1080
S2L2A,global,2024-02-15,1048
S3,global,2024-02-15,7064
S5,global,2024-02-15,3106
S1,colhub_aoi,2024-02-16,350
S3,colhub_aoi,2024-02-16,575
S5,colhub_aoi,2024-02-16,505
S1,global,2024-02-16,3083
S2L1C,global,2024-02-16,1129
S2L2A,global,2024-02-16,1090
S3,global,2024-02-16,6990
S5,global,2024-02-16,3098
S1,colhub_aoi,2024-02-17,283
S3,colhub_aoi,2024-02-17,581
S5,colhub_aoi,2024-02-17,420
S1,global,2024-02-17,2702
S2L1C,global,2024-02-17,1275
S2L2A,global,2024-02-17,1230
S3,global,2024-02-17,7081
S5,global,2024-02-17,3175
S1,colhub_aoi,2024-02-18,290
S3,colhub_aoi,2024-02-18,603
S5,colhub_aoi,2024-02-18,429
S1,global,2024-02-18,2895
S2L1C,global,2024-02-18,1203
S2L2A,global,2024-02-18,1203
S3,global,2024-02-18,7010
S5,global,2024-02-18,3132
S1,colhub_aoi,2024-02-19,324
S3,colhub_aoi,2024-02-19,589
S5,colhub_aoi,2024-02-19,530
S1,global,2024-02-19,2920
S2L1C,global,2024-02-19,1210
S2L2A,global,2024-02-19,1166
S3,global,2024-02-19,6998
S5,global,2024-02-19,3181
S1,colhub_aoi,2024-02-20,314
S3,colhub_aoi,2024-02-20,574
S5,colhub_aoi,2024-02-20,504
S1,global,2024-02-20,2905
S2L1C,global,2024-02-20,1067
S2L2A,global,2024-02-20,1035
S3,global,2024-02-20,6975
S5,global,2024-02-20,3130
S1,colhub_aoi,2024-02-21,293
S3,colhub_aoi,2024-02-21,584
S5,colhub_aoi,2024-02-21,503
S1,global,2024-02-21,2991
S2L1C,global,2024-02-21,1193
S2L2A,global,2024-02-21,1154
S3,global,2024-02-21,7069
S5,global,2024-02-21,3122
S1,colhub_aoi,2024-02-22,284
S3,colhub_aoi,2024-02-22,598
S5,colhub_aoi,2024-02-22,538
S1,global,2024-02-22,2719
S2L1C,global,2024-02-22,1281
S2L2A,global,2024-02-22,1237
S3,global,2024-02-22,7004
S5,global,2024-02-22,3140
S1,colhub_aoi,2024-02-23,281
S3,colhub_aoi,2024-02-23,579
S5,colhub_aoi,2024-02-23,496
S1,global,2024-02-23,3010
S2L1C,global,2024-02-23,1389
S2L2A,global,2024-02-23,1389
S3,global,2024-02-23,6964
S5,global,2024-02-23,3132
S1,colhub_aoi,2024-02-24,322
S3,colhub_aoi,2024-02-24,574
S5,colhub_aoi,2024-02-24,555
S1,global,2024-02-24,2727
S2L1C,global,2024-02-24,1137
S2L2A,global,2024-02-24,1093
S3,global,2024-02-24,7003
S5,global,2024-02-24,3149
S1,colhub_aoi,2024-02-25,354
S3,colhub_aoi,2024-02-25,626
S5,colhub_aoi,2024-02-25,477
S1,global,2024-02-25,2911
S2L1C,global,2024-02-25,1139
S2L2A,global,2024-02-25,1107
S3,global,2024-02-25,7087
S5,global,2024-02-25,3149
S1,colhub_aoi,2024-02-26,290
S3,colhub_aoi,2024-02-26,680
S5,colhub_aoi,2024-02-26,555
S1,global,2024-02-26,2901
S2L1C,global,2024-02-26,1175
S2L2A,global,2024-02-26,1136
S3,global,2024-02-26,7140
S5,global,2024-02-26,3088
S1,colhub_aoi,2024-02-27,315
S3,colhub_aoi,2024-02-27,639
S5,colhub_aoi,2024-02-27,614
S1,global,2024-02-27,2600
S2L1C,global,2024-02-27,1324
S2L2A,global,2024-02-27,1280
S3,global,2024-02-27,7111
S5,global,2024-02-27,3131
S1,colhub_aoi,2024-02-28,301
S3,colhub_aoi,2024-02-28,636
S5,colhub_aoi,2024-02-28,558
S1,global,2024-02-28,2830
S2L1C,global,2024-02-28,1257
S2L2A,global,2024-02-28,1257
S3,global,2024-02-28,7153
S5,global,2024-02-28,3149
S1,colhub_aoi,2024-02-29,275
S3,colhub_aoi,2024-02-29,651
S5,colhub_aoi,2024-02-29,514
S1,global,2024-02-29,2856
S2L1C,global,2024-02-29,1237
S2L2A,global,2024-02-29,1191
S3,global,2024-02-29,7182
S5,global,2024-02-29,3132
S1,colhub_aoi,2024-03-01,326
S3,colhub_aoi,2024-03-01,663
S5,colhub_aoi,2024-03-01,564
S1,global,2024-03-01,2681
S2L1C,global,2024-03-01,1100
S2L2A,global,2024-03-01,1068
S3,global,2024-03-01,7079
S5,global,2024-03-01,3132
S1,colhub_aoi,2024-03-02,294
S3,colhub_aoi,2024-03-02,650
S5,colhub_aoi,2024-03-02,599
S1,global,2024-03-02,2962
S2L1C,global,2024-03-02,1208
S2L2A,global,2024-03-02,1169
S3,global,2024-03-02,7100
S5,global,2024-03-02,3114
S1,colhub_aoi,2024-03-04,281
S3,colhub_aoi,2024-03-04,654
S5,colhub_aoi,2024-03-04,521
S1,global,2024-03-04,2993
S2L1C,global,2024-03-04,1411
S2L2A,global,2024-03-04,1411
S3,global,2024-03-04,7180
S5,global,2024-03-04,3166
S1,colhub_aoi,2024-03-05,292
S3,colhub_aoi,2024-03-05,662
S5,colhub_aoi,2024-03-05,555
S1,global,2024-03-05,2650
S2L1C,global,2024-03-05,1136
S2L2A,global,2024-03-05,1092
S3,global,2024-03-05,7142
S5,global,2024-03-05,3149
S1,colhub_aoi,2024-03-06,261
S3,colhub_aoi,2024-03-06,662
S5,colhub_aoi,2024-03-06,581
S1,global,2024-03-06,3042
S2L1C,global,2024-03-06,1148
S2L2A,global,2024-03-06,1116
S3,global,2024-03-06,7119
S5,global,2024-03-06,3132
S1,colhub_aoi,2024-03-07,290
S3,colhub_aoi,2024-03-07,648
S5,colhub_aoi,2024-03-07,612
S1,global,2024-03-07,2874
S2L1C,global,2024-03-07,1173
S2L2A,global,2024-03-07,1134
S3,global,2024-03-07,7124
S5,global,2024-03-07,3146
S1,colhub_aoi,2024-03-08,308
S3,colhub_aoi,2024-03-08,668
S5,colhub_aoi,2024-03-08,562
S1,global,2024-03-08,2703
S2L1C,global,2024-03-08,1321
S2L2A,global,2024-03-08,1277
S3,global,2024-03-08,7181
S5,global,2024-03-08,3105
S1,colhub_aoi,2024-03-09,290
S3,colhub_aoi,2024-03-09,673
S5,colhub_aoi,2024-03-09,647
S1,global,2024-03-09,2857
S2L1C,global,2024-03-09,1250
S2L2A,global,2024-03-09,1250
S3,global,2024-03-09,7113
S5,global,2024-03-09,3164
S1,colhub_aoi,2024-03-10,303
S3,colhub_aoi,2024-03-10,683
S5,colhub_aoi,2024-03-10,614
S1,global,2024-03-10,2620
S2L1C,global,2024-03-10,1231
S2L2A,global,2024-03-10,1187
S3,global,2024-03-10,7170
S5,global,2024-03-10,3164
S1,colhub_aoi,2024-03-11,317
S3,colhub_aoi,2024-03-11,649
S5,colhub_aoi,2024-03-11,606
S1,global,2024-03-11,2852
S2L1C,global,2024-03-11,1089
S2L2A,global,2024-03-11,1068
S3,global,2024-03-11,5000
S5,global,2024-03-11,3149
S1,colhub_aoi,2024-03-12,275
S3,colhub_aoi,2024-03-12,678
S5,colhub_aoi,2024-03-12,548
S1,global,2024-03-12,2821
S2L1C,global,2024-03-12,486
S2L2A,global,2024-03-12,1172
S3,global,2024-03-12,5000
S5,global,2024-03-12,1000
S1,colhub_aoi,2024-03-13,279
S3,colhub_aoi,2024-03-13,677
S5,colhub_aoi,2024-03-13,579
S1,global,2024-03-13,2806
S2L1C,global,2024-03-13,1296
S2L2A,global,2024-03-13,1253
S3,global,2024-03-13,6989
S5,global,2024-03-13,3097
S1,colhub_aoi,2024-03-14,308
S3,colhub_aoi,2024-03-14,679
S5,colhub_aoi,2024-03-14,641
S1,global,2024-03-14,3058
S2L1C,global,2024-03-14,1398
S2L2A,global,2024-03-14,1398
S3,global,2024-03-14,7000
S5,global,2024-03-14,3089
S1,colhub_aoi,2024-03-15,300
S3,colhub_aoi,2024-03-15,673
S5,colhub_aoi,2024-03-15,626
S1,global,2024-03-15,2663
S2L1C,global,2024-03-15,1133
S2L2A,global,2024-03-15,1089
S3,global,2024-03-15,6976
S5,global,2024-03-15,3166
S1,colhub_aoi,2024-03-16,253
S3,colhub_aoi,2024-03-16,698
S5,colhub_aoi,2024-03-16,583
S1,global,2024-03-16,2828
S2L1C,global,2024-03-16,1142
S2L2A,global,2024-03-16,1110
S3,global,2024-03-16,6994
S5,global,2024-03-16,3133
S1,colhub_aoi,2024-03-17,256
S3,colhub_aoi,2024-03-17,662
S1,global,2024-03-17,2468
S2L1C,global,2024-03-17,1163
S2L2A,global,2024-03-17,1124
S3,global,2024-03-17,1000
S1,colhub_aoi,2024-03-18,271
S3,colhub_aoi,2024-03-18,677
S5,colhub_aoi,2024-03-18,667
S1,global,2024-03-18,2964
S2L1C,global,2024-03-18,1322
S2L2A,global,2024-03-18,1000
S3,global,2024-03-18,7013
S5,global,2024-03-18,3106
S1,colhub_aoi,2024-03-19,293
S3,colhub_aoi,2024-03-19,701
S5,colhub_aoi,2024-03-19,624
S1,global,2024-03-19,2971
S2L1C,global,2024-03-19,1250
S2L2A,global,2024-03-19,1250
S3,global,2024-03-19,7091
S5,global,2024-03-19,3072
S1,colhub_aoi,2024-03-20,308
S3,colhub_aoi,2024-03-20,779
S5,colhub_aoi,2024-03-20,616
S1,global,2024-03-20,2947
S2L1C,global,2024-03-20,1217
S2L2A,global,2024-03-20,1173
S3,global,2024-03-20,7156
S5,global,2024-03-20,3166
S1,colhub_aoi,2024-03-21,272
S3,colhub_aoi,2024-03-21,761
S5,colhub_aoi,2024-03-21,650
S1,global,2024-03-21,2798
S2L1C,global,2024-03-21,1070
S2L2A,global,2024-03-21,1038
S3,global,2024-03-21,7133
S5,global,2024-03-21,3149
S1,colhub_aoi,2024-03-22,277
S3,colhub_aoi,2024-03-22,595
S5,colhub_aoi,2024-03-22,642
S1,global,2024-03-22,2587
S2L1C,global,2024-03-22,1162
S2L2A,global,2024-03-22,1162
S3,global,2024-03-22,5853
S5,global,2024-03-22,2885
S1,colhub_aoi,2024-03-23,243
S3,colhub_aoi,2024-03-23,503
S5,colhub_aoi,2024-03-23,278
S1,global,2024-03-23,2719
S2L1C,global,2024-03-23,1248
S2L2A,global,2024-03-23,1248
S3,global,2024-03-23,4757
S5,global,2024-03-23,1520
S1,colhub_aoi,2024-03-24,217
S3,colhub_aoi,2024-03-24,459
S5,colhub_aoi,2024-03-24,359
S1,global,2024-03-24,2672
S2L1C,global,2024-03-24,1398
S2L2A,global,2024-03-24,1398
S3,global,2024-03-24,3029
S5,global,2024-03-24,1721
S1,colhub_aoi,2024-03-25,279
S3,colhub_aoi,2024-03-25,737
S5,colhub_aoi,2024-03-25,606
S1,global,2024-03-25,3000
S2L1C,global,2024-03-25,1108
S2L2A,global,2024-03-25,1098
S3,global,2024-03-25,6770
S5,global,2024-03-25,2936
S1,colhub_aoi,2024-03-26,301
S3,colhub_aoi,2024-03-26,769
S5,colhub_aoi,2024-03-26,622
S1,global,2024-03-26,3138
S2L1C,global,2024-03-26,1114
S2L2A,global,2024-03-26,1114
S3,global,2024-03-26,7164
S5,global,2024-03-26,3148
S1,colhub_aoi,2024-03-27,310
S3,colhub_aoi,2024-03-27,774
S5,colhub_aoi,2024-03-27,631
S1,global,2024-03-27,3063
S2L1C,global,2024-03-27,1084
S2L2A,global,2024-03-27,1084
S3,global,2024-03-27,7137
S5,global,2024-03-27,3163
S1,colhub_aoi,2024-03-28,281
S3,colhub_aoi,2024-03-28,765
S5,colhub_aoi,2024-03-28,648
S1,global,2024-03-28,3150
S2L1C,global,2024-03-28,1260
S2L2A,global,2024-03-28,1260
S3,global,2024-03-28,1000
S5,global,2024-03-28,3061
S1,colhub_aoi,2024-03-29,292
S3,colhub_aoi,2024-03-29,730
S5,colhub_aoi,2024-03-29,663
S1,global,2024-03-29,2871
S2L1C,global,2024-03-29,1235
S3,global,2024-03-29,6833
S5,global,2024-03-29,3105
S1,colhub_aoi,2024-03-30,281
S3,colhub_aoi,2024-03-30,777
S5,colhub_aoi,2024-03-30,658
S1,global,2024-03-30,3112
S2L1C,global,2024-03-30,1000
S2L2A,global,2024-03-30,1132
S3,global,2024-03-30,7149
S5,global,2024-03-30,3115
S1,colhub_aoi,2024-03-31,293
S3,colhub_aoi,2024-03-31,747
S2L2A,global,2024-03-31,1027
S3,global,2024-03-31,3000
S5,global,2024-03-31,3175
S1,colhub_aoi,2024-04-01,256
S3,colhub_aoi,2024-04-01,772
S5,colhub_aoi,2024-04-01,643
S1,global,2024-04-01,2500
S2L1C,global,2024-04-01,1172
S2L2A,global,2024-04-01,1172
S3,global,2024-04-01,7124
S5,global,2024-04-01,3132
S1,colhub_aoi,2024-04-02,221
S3,colhub_aoi,2024-04-02,783
S5,colhub_aoi,2024-04-02,701
S1,global,2024-04-02,2363
S2L1C,global,2024-04-02,1277
S2L2A,global,2024-04-02,1277
S3,global,2024-04-02,7130
S5,global,2024-04-02,3166
S1,colhub_aoi,2024-04-03,269
S3,colhub_aoi,2024-04-03,760
S5,colhub_aoi,2024-04-03,675
S1,global,2024-04-03,2404
S2L1C,global,2024-04-03,1000
S2L2A,global,2024-04-03,1341
S5,global,2024-04-03,3122
S1,colhub_aoi,2024-04-04,341
S3,colhub_aoi,2024-04-04,800
S5,colhub_aoi,2024-04-04,659
S1,global,2024-04-04,3115
S2L1C,global,2024-04-04,1124
S2L2A,global,2024-04-04,1113
S3,global,2024-04-04,2000
S5,global,2024-04-04,3114
S1,colhub_aoi,2024-04-05,293
S3,colhub_aoi,2024-04-05,761
S5,colhub_aoi,2024-04-05,701
S1,global,2024-04-05,2845
S2L1C,global,2024-04-05,1105
S2L2A,global,2024-04-05,1105
S3,global,2024-04-05,1000
S5,global,2024-04-05,3149
S1,colhub_aoi,2024-04-06,279
S3,colhub_aoi,2024-04-06,740
S5,colhub_aoi,2024-04-06,701
S1,global,2024-04-06,3042
S2L1C,global,2024-04-06,1118
S2L2A,global,2024-04-06,1118
S3,global,2024-04-06,6565
S5,global,2024-04-06,3132
S1,colhub_aoi,2024-04-07,306
S3,colhub_aoi,2024-04-07,729
S5,colhub_aoi,2024-04-07,684
S1,global,2024-04-07,3233
S2L1C,global,2024-04-07,1275
S2L2A,global,2024-04-07,1275
S3,global,2024-04-07,6309
S5,global,2024-04-07,3149
S1,colhub_aoi,2024-04-08,171
S3,colhub_aoi,2024-04-08,372
S5,colhub_aoi,2024-04-08,609
S1,global,2024-04-08,1392
S2L1C,global,2024-04-08,1233
S2L2A,global,2024-04-08,1233
S3,global,2024-04-08,3633
S5,global,2024-04-08,3027
S1,colhub_aoi,2024-04-09,18
S3,colhub_aoi,2024-04-09,637
S5,colhub_aoi,2024-04-09,411
S1,global,2024-04-09,60
S3,global,2024-04-09,5251
S5,global,2024-04-09,2437
S1,colhub_aoi,2024-04-10,291
S3,colhub_aoi,2024-04-10,751
S5,colhub_aoi,2024-04-10,717
S1,global,2024-04-10,2790
S2L1C,global,2024-04-10,1023
S2L2A,global,2024-04-10,1023
S3,global,2024-04-10,6554
S5,global,2024-04-10,3115
S1,colhub_aoi,2024-04-11,278
S3,colhub_aoi,2024-04-11,764
S5,colhub_aoi,2024-04-11,564
S1,global,2024-04-11,3057
S2L1C,global,2024-04-11,1148
S2L2A,global,2024-04-11,1148
S3,global,2024-04-11,6618
S5,global,2024-04-11,2859
S1,colhub_aoi,2024-04-12,293
S3,colhub_aoi,2024-04-12,791
S5,colhub_aoi,2024-04-12,678
S1,global,2024-04-12,2000
S2L1C,global,2024-04-12,1273
S2L2A,global,2024-04-12,1273
S3,global,2024-04-12,6569
S5,global,2024-04-12,3140
S1,colhub_aoi,2024-04-13,308
S3,colhub_aoi,2024-04-13,788
S5,colhub_aoi,2024-04-13,735
S1,global,2024-04-13,2944
S2L1C,global,2024-04-13,1286
S2L2A,global,2024-04-13,1286
S3,global,2024-04-13,6576
S5,global,2024-04-13,3158
S1,colhub_aoi,2024-04-14,295
S3,colhub_aoi,2024-04-14,787
S5,colhub_aoi,2024-04-14,680
S1,global,2024-04-14,2917
S2L1C,global,2024-04-14,1125
S2L2A,global,2024-04-14,1115
S3,global,2024-04-14,6664
S5,global,2024-04-14,3113
S1,colhub_aoi,2024-04-15,315
S3,colhub_aoi,2024-04-15,827
S5,colhub_aoi,2024-04-15,665
S1,global,2024-04-15,2866
S2L1C,global,2024-04-15,1079
S2L2A,global,2024-04-15,1079
S3,global,2024-04-15,4000
S5,global,2024-04-15,3130
S1,colhub_aoi,2024-04-16,342
S3,colhub_aoi,2024-04-16,771
S5,colhub_aoi,2024-04-16,682
S1,global,2024-04-16,2994
S2L2A,global,2024-04-16,1061
S3,global,2024-04-16,6144
S5,global,2024-04-16,3139
S1,colhub_aoi,2024-04-17,293
S3,colhub_aoi,2024-04-17,716
S5,colhub_aoi,2024-04-17,717
S1,global,2024-04-17,2939
S2L1C,global,2024-04-17,1262
S2L2A,global,2024-04-17,1262
S3,global,2024-04-17,5694
S5,global,2024-04-17,3158
S1,colhub_aoi,2024-04-18,279
S3,colhub_aoi,2024-04-18,715
S5,colhub_aoi,2024-04-18,667
S1,global,2024-04-18,3051
S2L1C,global,2024-04-18,1139
S2L2A,global,2024-04-18,1139
S3,global,2024-04-18,5731
S5,global,2024-04-18,3148
S3,colhub_aoi,2024-04-19,739
S5,colhub_aoi,2024-04-19,659
S1,global,2024-04-19,3246
S2L1C,global,2024-04-19,1093
S2L2A,global,2024-04-19,1083
S3,global,2024-04-19,5733
S5,global,2024-04-19,3107
S1,colhub_aoi,2024-04-20,311
S3,colhub_aoi,2024-04-20,734
S5,colhub_aoi,2024-04-20,718
S2L1C,global,2024-04-20,1031
S2L2A,global,2024-04-20,1032
S3,global,2024-04-20,5000
S5,global,2024-04-20,2000
S1,colhub_aoi,2024-04-21,346
S3,colhub_aoi,2024-04-21,711
S5,colhub_aoi,2024-04-21,685
S1,global,2024-04-21,3199
S2L1C,global,2024-04-21,1140
S2L2A,global,2024-04-21,1140
S3,global,2024-04-21,5635
S5,global,2024-04-21,2904
S1,colhub_aoi,2024-04-22,292
S3,colhub_aoi,2024-04-22,681
S5,colhub_aoi,2024-04-22,684
S1,global,2024-04-22,2792
S2L1C,global,2024-04-22,1262
S2L2A,global,2024-04-22,1262
S3,global,2024-04-22,5051
S5,global,2024-04-22,3149
S1,colhub_aoi,2024-04-23,281
S3,colhub_aoi,2024-04-23,736
S5,colhub_aoi,2024-04-23,701
S1,global,2024-04-23,3216
S2L1C,global,2024-04-23,1248
S2L2A,global,2024-04-23,1248
S3,global,2024-04-23,5713
S5,global,2024-04-23,3141
S1,colhub_aoi,2024-04-24,290
S3,colhub_aoi,2024-04-24,721
S5,colhub_aoi,2024-04-24,761
S1,global,2024-04-24,2910
S2L1C,global,2024-04-24,1120
S2L2A,global,2024-04-24,1110
S3,global,2024-04-24,5617
S5,global,2024-04-24,3149
S1,colhub_aoi,2024-04-25,307
S3,colhub_aoi,2024-04-25,694
S5,colhub_aoi,2024-04-25,709
S1,global,2024-04-25,2951
S2L1C,global,2024-04-25,1028
S2L2A,global,2024-04-25,1028
S3,global,2024-04-25,5590
S5,global,2024-04-25,3123
S1,colhub_aoi,2024-04-26,313
S3,colhub_aoi,2024-04-26,681
S5,colhub_aoi,2024-04-26,694
S1,global,2024-04-26,2967
S2L1C,global,2024-04-26,1065
S2L2A,global,2024-04-26,1065
S3,global,2024-04-26,5532
S5,global,2024-04-26,3090
S1,colhub_aoi,2024-04-27,314
S3,colhub_aoi,2024-04-27,731
S5,colhub_aoi,2024-04-27,709
S1,global,2024-04-27,2738
S2L1C,global,2024-04-27,1241
S2L2A,global,2024-04-27,1241
S3,global,2024-04-27,5651
S5,global,2024-04-27,3157
S1,colhub_aoi,2024-04-28,341
S3,colhub_aoi,2024-04-28,710
S5,colhub_aoi,2024-04-28,735
S1,global,2024-04-28,3131
S2L1C,global,2024-04-28,1273
S2L2A,global,2024-04-28,1273
S3,global,2024-04-28,5648
S5,global,2024-04-28,3157
S1,colhub_aoi,2024-04-29,293
S3,colhub_aoi,2024-04-29,968
S5,colhub_aoi,2024-04-29,751
S1,global,2024-04-29,2877
S2L1C,global,2024-04-29,1106
S2L2A,global,2024-04-29,1094
S3,global,2024-04-29,7876
S5,global,2024-04-29,3148
S1,colhub_aoi,2024-04-30,279
S3,colhub_aoi,2024-04-30,975
S5,colhub_aoi,2024-04-30,716
S1,global,2024-04-30,3021
S2L1C,global,2024-04-30,993
S2L2A,global,2024-04-30,993
S3,global,2024-04-30,8154
S5,global,2024-04-30,3115
S1,colhub_aoi,2024-05-01,308
S3,colhub_aoi,2024-05-01,1012
S5,colhub_aoi,2024-05-01,695
S1,global,2024-05-01,3219
S2L1C,global,2024-05-01,1066
S2L2A,global,2024-05-01,1066
S3,global,2024-05-01,8251
S5,global,2024-05-01,3115
S1,colhub_aoi,2024-05-02,314
S3,colhub_aoi,2024-05-02,1009
S5,colhub_aoi,2024-05-02,710
S1,global,2024-05-02,2960
S2L1C,global,2024-05-02,1233
S2L2A,global,2024-05-02,1233
S3,global,2024-05-02,8221
S5,global,2024-05-02,3167
S1,colhub_aoi,2024-05-03,281
S3,colhub_aoi,2024-05-03,999
S5,colhub_aoi,2024-05-03,691
S1,global,2024-05-03,3146
S2L1C,global,2024-05-03,1258
S2L2A,global,2024-05-03,1258
S3,global,2024-05-03,8204
S5,global,2024-05-03,3139
S1,colhub_aoi,2024-05-04,292
S3,colhub_aoi,2024-05-04,969
S5,colhub_aoi,2024-05-04,681
S1,global,2024-05-04,2767
S2L1C,global,2024-05-04,1105
S2L2A,global,2024-05-04,1095
S3,global,2024-05-04,8129
S5,global,2024-05-04,3122
S1,colhub_aoi,2024-05-05,280
S3,colhub_aoi,2024-05-05,930
S5,colhub_aoi,2024-05-05,710
S1,global,2024-05-05,3205
S2L1C,global,2024-05-05,1022
S2L2A,global,2024-05-05,1022
S3,global,2024-05-05,7748
S5,global,2024-05-05,3132
S1,colhub_aoi,2024-05-06,293
S3,colhub_aoi,2024-05-06,991
S5,colhub_aoi,2024-05-06,477
S1,global,2024-05-06,2958
S2L1C,global,2024-05-06,1070
S2L2A,global,2024-05-06,1070
S3,global,2024-05-06,8122
S5,global,2024-05-06,1716
S1,colhub_aoi,2024-05-07,308
S3,colhub_aoi,2024-05-07,994
S5,colhub_aoi,2024-05-07,558
S1,global,2024-05-07,2730
S2L1C,global,2024-05-07,1247
S2L2A,global,2024-05-07,1247
S3,global,2024-05-07,8209
S5,global,2024-05-07,2366
S1,colhub_aoi,2024-05-08,290
S3,colhub_aoi,2024-05-08,997
S5,colhub_aoi,2024-05-08,735
S1,global,2024-05-08,2725
S2L1C,global,2024-05-08,1229
S2L2A,global,2024-05-08,1229
S5,global,2024-05-08,2000
S1,colhub_aoi,2024-05-09,304
S3,colhub_aoi,2024-05-09,1016
S5,colhub_aoi,2024-05-09,701
S1,global,2024-05-09,2581
S2L1C,global,2024-05-09,1060
S2L2A,global,2024-05-09,1050
S3,global,2024-05-09,8047
S5,global,2024-05-09,3122
S1,colhub_aoi,2024-05-10,323
S3,colhub_aoi,2024-05-10,995
S5,colhub_aoi,2024-05-10,693
S1,global,2024-05-10,2472
S2L1C,global,2024-05-10,995
S2L2A,global,2024-05-10,995
S3,global,2024-05-10,8080
S5,global,2024-05-10,2953
S1,colhub_aoi,2024-05-11,283
S3,colhub_aoi,2024-05-11,972
S5,colhub_aoi,2024-05-11,396
S1,global,2024-05-11,2261
S2L1C,global,2024-05-11,854
S2L2A,global,2024-05-11,854
S3,global,2024-05-11,8025
S5,global,2024-05-11,1577
S1,colhub_aoi,2024-05-12,279
S3,colhub_aoi,2024-05-12,1002
S5,colhub_aoi,2024-05-12,346
S1,global,2024-05-12,2614
S2L1C,global,2024-05-12,893
S2L2A,global,2024-05-12,893
S3,global,2024-05-12,8097
S5,global,2024-05-12,1340
S1,colhub_aoi,2024-05-13,285
S3,colhub_aoi,2024-05-13,1024
S5,colhub_aoi,2024-05-13,735
S1,global,2024-05-13,2717
S2L1C,global,2024-05-13,1000
S2L2A,global,2024-05-13,1000
S3,global,2024-05-13,8030
S5,global,2024-05-13,3166
S1,colhub_aoi,2024-05-14,282
S3,colhub_aoi,2024-05-14,991
S5,colhub_aoi,2024-05-14,701
S1,global,2024-05-14,2681
S2L1C,global,2024-05-14,1079
S2L2A,global,2024-05-14,1069
S3,global,2024-05-14,8057
S5,global,2024-05-14,3149
S1,colhub_aoi,2024-05-15,265
S3,colhub_aoi,2024-05-15,989
S5,colhub_aoi,2024-05-15,692
S1,global,2024-05-15,2692
S2L1C,global,2024-05-15,1028
S2L2A,global,2024-05-15,1028
S3,global,2024-05-15,8088
S5,global,2024-05-15,3072
S1,colhub_aoi,2024-05-16,275
S3,colhub_aoi,2024-05-16,1016
S5,colhub_aoi,2024-05-16,727
S1,global,2024-05-16,2322
S2L1C,global,2024-05-16,624
S2L2A,global,2024-05-16,624
S3,global,2024-05-16,8137
S5,global,2024-05-16,3115
S1,colhub_aoi,2024-05-17,228
S3,colhub_aoi,2024-05-17,1036
S5,colhub_aoi,2024-05-17,701
S1,global,2024-05-17,2680
S2L1C,global,2024-05-17,1242
S2L2A,global,2024-05-17,1242
S3,global,2024-05-17,8086
S5,global,2024-05-17,3089
S1,colhub_aoi,2024-05-18,282
S3,colhub_aoi,2024-05-18,1031
S5,colhub_aoi,2024-05-18,745
S1,global,2024-05-18,2727
S2L1C,global,2024-05-18,1473
S2L2A,global,2024-05-18,1473
S3,global,2024-05-18,8207
S5,global,2024-05-18,3166
S1,colhub_aoi,2024-05-19,300
S3,colhub_aoi,2024-05-19,1033
S5,colhub_aoi,2024-05-19,684
S1,global,2024-05-19,2705
S2L1C,global,2024-05-19,1142
S2L2A,global,2024-05-19,1132
S3,global,2024-05-19,8233
S5,global,2024-05-19,3157
S1,colhub_aoi,2024-05-20,290
S3,colhub_aoi,2024-05-20,1055
S5,colhub_aoi,2024-05-20,734
S1,global,2024-05-20,2686
S2L1C,global,2024-05-20,998
S2L2A,global,2024-05-20,998
S3,global,2024-05-20,8297
S5,global,2024-05-20,3140
S1,colhub_aoi,2024-05-21,304
S3,colhub_aoi,2024-05-21,1053
S5,colhub_aoi,2024-05-21,682
S1,global,2024-05-21,2521
S2L1C,global,2024-05-21,1131
S2L2A,global,2024-05-21,1131
S3,global,2024-05-21,8264
S5,global,2024-05-21,3121
S1,colhub_aoi,2024-05-22,298
S3,colhub_aoi,2024-05-22,1047
S5,colhub_aoi,2024-05-22,707
S1,global,2024-05-22,2762
S2L1C,global,2024-05-22,1273
S2L2A,global,2024-05-22,1273
S3,global,2024-05-22,8260
S5,global,2024-05-22,3121
S1,colhub_aoi,2024-05-23,283
S3,colhub_aoi,2024-05-23,1056
S5,colhub_aoi,2024-05-23,692
S1,global,2024-05-23,2607
S2L1C,global,2024-05-23,1235
S2L2A,global,2024-05-23,1235
S3,global,2024-05-23,8260
S5,global,2024-05-23,3147
S1,colhub_aoi,2024-05-24,280
S3,colhub_aoi,2024-05-24,1060
S5,colhub_aoi,2024-05-24,718
S1,global,2024-05-24,2733
S2L1C,global,2024-05-24,1122
S2L2A,global,2024-05-24,1112
S3,global,2024-05-24,8320
S5,global,2024-05-24,3149
S1,colhub_aoi,2024-05-25,281
S3,colhub_aoi,2024-05-25,1044
S5,colhub_aoi,2024-05-25,701
S1,global,2024-05-25,2877
S2L1C,global,2024-05-25,1061
S2L2A,global,2024-05-25,1061
S3,global,2024-05-25,8277
S5,global,2024-05-25,3149
S1,colhub_aoi,2024-05-27,269
S3,colhub_aoi,2024-05-27,1014
S5,colhub_aoi,2024-05-27,735
S1,global,2024-05-27,2755
S2L1C,global,2024-05-27,1255
S2L2A,global,2024-05-27,1255
S3,global,2024-05-27,8138
S5,global,2024-05-27,3123
S1,colhub_aoi,2024-05-28,277
S3,colhub_aoi,2024-05-28,1066
S5,colhub_aoi,2024-05-28,735
S1,global,2024-05-28,2595
S2L1C,global,2024-05-28,1236
S2L2A,global,2024-05-28,1236
S3,global,2024-05-28,8298
S5,global,2024-05-28,3098
S1,colhub_aoi,2024-05-29,269
S3,colhub_aoi,2024-05-29,1073
S5,colhub_aoi,2024-05-29,716
S1,global,2024-05-29,2785
S2L1C,global,2024-05-29,1055
S2L2A,global,2024-05-29,1045
S3,global,2024-05-29,8279
S5,global,2024-05-29,3132
S1,colhub_aoi,2024-05-30,278
S3,colhub_aoi,2024-05-30,1051
S5,colhub_aoi,2024-05-30,708
S1,global,2024-05-30,2695
S2L1C,global,2024-05-30,1041
S2L2A,global,2024-05-30,1041
S3,global,2024-05-30,8271
S5,global,2024-05-30,3166
S1,colhub_aoi,2024-05-31,300
S3,colhub_aoi,2024-05-31,1028
S5,colhub_aoi,2024-05-31,761
S1,global,2024-05-31,2699
S2L1C,global,2024-05-31,1130
S2L2A,global,2024-05-31,1130
S3,global,2024-05-31,8225
S5,global,2024-05-31,3175
S1,colhub_aoi,2024-06-01,290
S3,colhub_aoi,2024-06-01,1056
S5,colhub_aoi,2024-06-01,725
S1,global,2024-06-01,2705
S2L1C,global,2024-06-01,1260
S2L2A,global,2024-06-01,1260
S3,global,2024-06-01,8268
S5,global,2024-06-01,3098
S1,colhub_aoi,2024-06-02,308
S3,colhub_aoi,2024-06-02,1069
S5,colhub_aoi,2024-06-02,725
S1,global,2024-06-02,2574
S2L1C,global,2024-06-02,1245
S2L2A,global,2024-06-02,1245
S3,global,2024-06-02,8269
S5,global,2024-06-02,3123
S1,colhub_aoi,2024-06-03,302
S3,colhub_aoi,2024-06-03,1051
S5,colhub_aoi,2024-06-03,695
S1,global,2024-06-03,2743
S2L1C,global,2024-06-03,1081
S2L2A,global,2024-06-03,1069
S3,global,2024-06-03,8274
S5,global,2024-06-03,3149
S1,colhub_aoi,2024-06-04,283
S3,colhub_aoi,2024-06-04,1052
S5,colhub_aoi,2024-06-04,669
S1,global,2024-06-04,2721
S2L1C,global,2024-06-04,1027
S2L2A,global,2024-06-04,1027
S3,global,2024-06-04,8344
S5,global,2024-06-04,3124
S1,colhub_aoi,2024-06-05,330
S3,colhub_aoi,2024-06-05,1074
S5,colhub_aoi,2024-06-05,710
S1,global,2024-06-05,2790
S2L1C,global,2024-06-05,1056
S2L2A,global,2024-06-05,1056
S3,global,2024-06-05,8268
S5,global,2024-06-05,3132
S1,colhub_aoi,2024-06-06,290
S3,colhub_aoi,2024-06-06,1068
S5,colhub_aoi,2024-06-06,752
S1,global,2024-06-06,2923
S2L1C,global,2024-06-06,1248
S2L2A,global,2024-06-06,1248
S3,global,2024-06-06,8283
S5,global,2024-06-06,3132
S1,colhub_aoi,2024-06-07,302
S3,colhub_aoi,2024-06-07,1049
S5,colhub_aoi,2024-06-07,711
S1,global,2024-06-07,2691
S2L1C,global,2024-06-07,1279
S2L2A,global,2024-06-07,1279
S3,global,2024-06-07,8270
S5,global,2024-06-07,3123
S1,colhub_aoi,2024-06-08,270
S3,colhub_aoi,2024-06-08,1062
S5,colhub_aoi,2024-06-08,684
S1,global,2024-06-08,2820
S2L1C,global,2024-06-08,1115
S2L2A,global,2024-06-08,1105
S3,global,2024-06-08,8324
S5,global,2024-06-08,3132
S1,colhub_aoi,2024-06-09,278
S3,colhub_aoi,2024-06-09,1074
S5,colhub_aoi,2024-06-09,732
S1,global,2024-06-09,2598
S2L1C,global,2024-06-09,1001
S2L2A,global,2024-06-09,1001
S3,global,2024-06-09,8267
S5,global,2024-06-09,3181
S1,colhub_aoi,2024-06-10,272
S3,colhub_aoi,2024-06-10,1033
S5,colhub_aoi,2024-06-10,726
S1,global,2024-06-10,2936
S2L1C,global,2024-06-10,1094
S2L2A,global,2024-06-10,1094
S3,global,2024-06-10,8224
S5,global,2024-06-10,3130
S1,colhub_aoi,2024-06-11,283
S3,colhub_aoi,2024-06-11,1044
S5,colhub_aoi,2024-06-11,605
S1,global,2024-06-11,2719
S2L1C,global,2024-06-11,1250
S2L2A,global,2024-06-11,1250
S3,global,2024-06-11,8298
S5,global,2024-06-11,2984
S1,colhub_aoi,2024-06-12,301
S3,colhub_aoi,2024-06-12,1062
S5,colhub_aoi,2024-06-12,726
S1,global,2024-06-12,2635
S2L1C,global,2024-06-12,1240
S2L2A,global,2024-06-12,1240
S3,global,2024-06-12,8317
S5,global,2024-06-12,3106
S1,colhub_aoi,2024-06-13,290
S3,colhub_aoi,2024-06-13,1072
S5,colhub_aoi,2024-06-13,694
S1,global,2024-06-13,2702
S2L1C,global,2024-06-13,1115
S2L2A,global,2024-06-13,1105
S3,global,2024-06-13,8258
S5,global,2024-06-13,3115
S1,colhub_aoi,2024-06-14,308
S3,colhub_aoi,2024-06-14,1042
S5,colhub_aoi,2024-06-14,720
S1,global,2024-06-14,2560
S2L1C,global,2024-06-14,1057
S2L2A,global,2024-06-14,1057
S3,global,2024-06-14,8247
S5,global,2024-06-14,3158
S1,colhub_aoi,2024-06-15,301
S3,colhub_aoi,2024-06-15,1053
S5,colhub_aoi,2024-06-15,708
S1,global,2024-06-15,2756
S2L1C,global,2024-06-15,1096
S2L2A,global,2024-06-15,1096
S3,global,2024-06-15,8265
S5,global,2024-06-15,3141
S1,colhub_aoi,2024-06-16,286
S3,colhub_aoi,2024-06-16,1056
S5,colhub_aoi,2024-06-16,768
S1,global,2024-06-16,2731
S2L1C,global,2024-06-16,1260
S2L2A,global,2024-06-16,1260
S3,global,2024-06-16,8296
S5,global,2024-06-16,3141
S1,colhub_aoi,2024-06-17,283
S3,colhub_aoi,2024-06-17,1066
S5,colhub_aoi,2024-06-17,710
S1,global,2024-06-17,2520
S2L1C,global,2024-06-17,1272
S2L2A,global,2024-06-17,1272
S3,global,2024-06-17,8265
S5,global,2024-06-17,3115
S1,colhub_aoi,2024-06-18,290
S3,colhub_aoi,2024-06-18,1012
S5,colhub_aoi,2024-06-18,743
S1,global,2024-06-18,2966
S2L1C,global,2024-06-18,1066
S2L2A,global,2024-06-18,1056
S3,global,2024-06-18,8112
S5,global,2024-06-18,3123
S1,colhub_aoi,2024-06-19,298
S3,colhub_aoi,2024-06-19,1063
S5,colhub_aoi,2024-06-19,727
S1,global,2024-06-19,2778
S2L1C,global,2024-06-19,992
S2L2A,global,2024-06-19,992
S3,global,2024-06-19,8280
S5,global,2024-06-19,3141
S1,colhub_aoi,2024-06-20,270
S3,colhub_aoi,2024-06-20,1055
S5,colhub_aoi,2024-06-20,727
S1,global,2024-06-20,2764
S2L1C,global,2024-06-20,1135
S2L2A,global,2024-06-20,1135
S3,global,2024-06-20,8310
S5,global,2024-06-20,3133
S1,colhub_aoi,2024-06-21,252
S3,colhub_aoi,2024-06-21,1058
S5,colhub_aoi,2024-06-21,701
S1,global,2024-06-21,2326
S2L1C,global,2024-06-21,1270
S2L2A,global,2024-06-21,1270
S3,global,2024-06-21,8289
S5,global,2024-06-21,3166
S1,colhub_aoi,2024-06-22,272
S3,colhub_aoi,2024-06-22,1040
S5,colhub_aoi,2024-06-22,727
S1,global,2024-06-22,2931
S2L1C,global,2024-06-22,1254
S2L2A,global,2024-06-22,1254
S3,global,2024-06-22,8126
S5,global,2024-06-22,3124
S1,colhub_aoi,2024-06-23,283
S3,colhub_aoi,2024-06-23,1028
S5,colhub_aoi,2024-06-23,719
S1,global,2024-06-23,2712
S2L1C,global,2024-06-23,1128
S2L2A,global,2024-06-23,1118
S3,global,2024-06-23,8229
S5,global,2024-06-23,3123
S1,colhub_aoi,2024-06-24,266
S3,colhub_aoi,2024-06-24,1066
S5,colhub_aoi,2024-06-24,735
S1,global,2024-06-24,2343
S2L1C,global,2024-06-24,1061
S2L2A,global,2024-06-24,1061
S3,global,2024-06-24,8295
S5,global,2024-06-24,3089
S1,colhub_aoi,2024-06-25,290
S3,colhub_aoi,2024-06-25,1076
S5,colhub_aoi,2024-06-25,700
S1,global,2024-06-25,2634
S2L1C,global,2024-06-25,1097
S2L2A,global,2024-06-25,1097
S3,global,2024-06-25,8284
S5,global,2024-06-25,3158
S1,colhub_aoi,2024-06-26,311
S3,colhub_aoi,2024-06-26,1055
S5,colhub_aoi,2024-06-26,676
S1,global,2024-06-26,2407
S2L1C,global,2024-06-26,1246
S2L2A,global,2024-06-26,1246
S3,global,2024-06-26,8275
S5,global,2024-06-26,3140
S1,colhub_aoi,2024-06-27,247
S3,colhub_aoi,2024-06-27,1028
S5,colhub_aoi,2024-06-27,725
S1,global,2024-06-27,1996
S2L1C,global,2024-06-27,1276
S2L2A,global,2024-06-27,1276
S3,global,2024-06-27,8247
S5,global,2024-06-27,3146
S1,colhub_aoi,2024-06-28,35
S3,colhub_aoi,2024-06-28,1063
S5,colhub_aoi,2024-06-28,724
S1,global,2024-06-28,617
S2L1C,global,2024-06-28,1053
S2L2A,global,2024-06-28,1043
S3,global,2024-06-28,8279
S5,global,2024-06-28,3128
S1,colhub_aoi,2024-06-29,221
S3,colhub_aoi,2024-06-29,1070
S5,colhub_aoi,2024-06-29,665
S1,global,2024-06-29,2192
S2L1C,global,2024-06-29,968
S2L2A,global,2024-06-29,1001
S3,global,2024-06-29,8285
S5,global,2024-06-29,3070
S1,colhub_aoi,2024-06-30,293
S3,colhub_aoi,2024-06-30,1063
S5,colhub_aoi,2024-06-30,700
S1,global,2024-06-30,2841
S2L1C,global,2024-06-30,1126
S2L2A,global,2024-06-30,1126
S3,global,2024-06-30,8282
S5,global,2024-06-30,3158
S1,colhub_aoi,2024-07-01,302
S3,colhub_aoi,2024-07-01,1055
S5,colhub_aoi,2024-07-01,693
S1,global,2024-07-01,2805
S2L1C,global,2024-07-01,1255
S2L2A,global,2024-07-01,1255
S1,colhub_aoi,2024-07-02,270
S3,colhub_aoi,2024-07-02,1074
S5,colhub_aoi,2024-07-02,769
S1,global,2024-07-02,2839
S2L1C,global,2024-07-02,1262
S2L2A,global,2024-07-02,1262
S1,colhub_aoi,2024-07-03,278
S3,colhub_aoi,2024-07-03,1068
S5,colhub_aoi,2024-07-03,752
S1,global,2024-07-03,2550
S2L1C,global,2024-07-03,1109
S2L2A,global,2024-07-03,1099
S3,global,2024-07-03,8276
S5,global,2024-07-03,3098
S1,colhub_aoi,2024-07-04,272
S3,colhub_aoi,2024-07-04,1055
S5,colhub_aoi,2024-07-04,709
S1,global,2024-07-04,2912
S2L1C,global,2024-07-04,1065
S2L2A,global,2024-07-04,1065
S3,global,2024-07-04,8297
S5,global,2024-07-04,3123
S1,colhub_aoi,2024-07-05,279
S3,colhub_aoi,2024-07-05,1061
S5,colhub_aoi,2024-07-05,735
S1,global,2024-07-05,2709
S2L1C,global,2024-07-05,1093
S2L2A,global,2024-07-05,1093
S3,global,2024-07-05,8332
S5,global,2024-07-05,3107
S1,colhub_aoi,2024-07-06,298
S3,colhub_aoi,2024-07-06,1076
S5,colhub_aoi,2024-07-06,735
S1,global,2024-07-06,2518
S2L1C,global,2024-07-06,1258
S2L2A,global,2024-07-06,1258
S3,global,2024-07-06,8270
S5,global,2024-07-06,3124
S1,colhub_aoi,2024-07-07,196
S3,colhub_aoi,2024-07-07,1038
S5,colhub_aoi,2024-07-07,729
S1,global,2024-07-07,2225
S2L1C,global,2024-07-07,1274
S2L2A,global,2024-07-07,1274
S3,global,2024-07-07,8244
S5,global,2024-07-07,3148
S1,colhub_aoi,2024-07-08,219
S3,colhub_aoi,2024-07-08,932
S5,colhub_aoi,2024-07-08,720
S1,global,2024-07-08,2232
S2L1C,global,2024-07-08,1058
S2L2A,global,2024-07-08,1048
S3,global,2024-07-08,7457
S5,global,2024-07-08,3140
S1,colhub_aoi,2024-07-09,300
S3,colhub_aoi,2024-07-09,1061
S5,colhub_aoi,2024-07-09,726
S1,global,2024-07-09,2725
S2L1C,global,2024-07-09,1002
S2L2A,global,2024-07-09,1002
S3,global,2024-07-09,8327
S5,global,2024-07-09,3105
S1,colhub_aoi,2024-07-10,286
S3,colhub_aoi,2024-07-10,1072
S5,colhub_aoi,2024-07-10,735
S1,global,2024-07-10,2732
S2L1C,global,2024-07-10,1065
S2L2A,global,2024-07-10,1065
S3,global,2024-07-10,8230
S5,global,2024-07-10,3115
S1,colhub_aoi,2024-07-11,283
S3,colhub_aoi,2024-07-11,1042
S5,colhub_aoi,2024-07-11,711
S1,global,2024-07-11,2696
S2L1C,global,2024-07-11,1258
S2L2A,global,2024-07-11,1258
S3,global,2024-07-11,8259
S5,global,2024-07-11,3120
S1,colhub_aoi,2024-07-12,286
S2L1C,colhub_aoi,2024-07-12,2
S2L2A,colhub_aoi,2024-07-12,2
S3,colhub_aoi,2024-07-12,1054
S5,colhub_aoi,2024-07-12,693
S1,global,2024-07-12,2837
S2L1C,global,2024-07-12,1129
S2L2A,global,2024-07-12,1129
S3,global,2024-07-12,8272
S5,global,2024-07-12,3158
S1,colhub_aoi,2024-07-13,302
S3,colhub_aoi,2024-07-13,1060
S5,colhub_aoi,2024-07-13,754
S1,global,2024-07-13,2779
S2L1C,global,2024-07-13,1121
S2L2A,global,2024-07-13,1111
S3,global,2024-07-13,8341
S5,global,2024-07-13,3141
S1,colhub_aoi,2024-07-14,270
S3,colhub_aoi,2024-07-14,1053
S5,colhub_aoi,2024-07-14,737
S1,global,2024-07-14,2881
S2L1C,global,2024-07-14,1057
S2L2A,global,2024-07-14,1057
S3,global,2024-07-14,8288
S5,global,2024-07-14,3106
S1,colhub_aoi,2024-07-15,278
S3,colhub_aoi,2024-07-15,1045
S5,colhub_aoi,2024-07-15,694
S1,global,2024-07-15,2579
S2L1C,global,2024-07-15,1093
S2L2A,global,2024-07-15,1093
S3,global,2024-07-15,8254
S5,global,2024-07-15,3105
S1,colhub_aoi,2024-07-16,272
S3,colhub_aoi,2024-07-16,1018
S5,colhub_aoi,2024-07-16,715
S1,global,2024-07-16,2934
S2L1C,global,2024-07-16,1259
S2L2A,global,2024-07-16,1259
S3,global,2024-07-16,8203
S5,global,2024-07-16,3173
