2021-10-15,MSIL1C,synchronized,3763.2562580872327,8472,315.99830458333327
2021-10-15,Unknown,deleted,0.0,11,0.0
2021-10-16,MSIL1C,synchronized,2451.2380443606526,5427,109.82848166666666
2021-10-17,MSIL1C,synchronized,250.96120862662792,566,15.63983097222222
2021-10-18,MSIL1C,synchronized,512.2518844744191,1132,13.628291944444445
2021-10-19,MSIL1C,synchronized,224.8251034654677,517,2.6608244444444447
2021-10-19,Unknown,deleted,0.0,8,0.0
2021-10-20,MSIL1C,synchronized,234.78355375118554,542,10.0075425
2021-10-21,MSIL1C,synchronized,264.9174669450149,602,2.9180831944444448
2021-10-21,Unknown,deleted,0.0,1,0.0
2021-10-22,MSIL1C,synchronized,205.51639980170876,456,1.9313643055555556
2021-10-23,MSIL1C,synchronized,220.5252362685278,494,2.119065138888889
2021-10-24,MSIL1C,synchronized,224.17615021858364,491,1.5933147222222221
2021-10-25,MSIL1C,synchronized,217.18602779507637,480,3.0834975
2021-10-26,MSIL1C,synchronized,191.82225786428899,444,2.858160277777778
2021-10-26,Unknown,deleted,0.0,12,0.0
2021-10-27,MSIL1C,synchronized,196.16006917133927,439,3.707363611111111
2021-10-27,Unknown,deleted,0.0,7,0.0
2021-10-28,MSIL1C,synchronized,197.24364420585334,434,3.079092361111111
2021-10-28,Unknown,deleted,0.0,40,0.0
2021-10-29,MSIL1C,fscanner,9579.806789890863,22075,36588.755666944446
2021-10-29,MSIL1C,synchronized,164.4767522038892,376,2.7168993055555557
2021-10-29,Unknown,deleted,0.0,58,0.0
2021-10-30,MSIL1C,fscanner,459.7718176059425,1053,36539.40577055555
2021-10-30,MSIL1C,synchronized,187.46839200891554,427,1.4592894444444444
2021-10-30,Unknown,deleted,0.0,13,0.0
2021-10-31,MSIL1C,synchronized,161.93312357645482,367,1.878643888888889
2021-10-31,Unknown,deleted,0.0,5,0.0
2021-11-01,MSIL1C,synchronized,169.86760395020247,373,2.564573888888889
2021-11-01,Unknown,deleted,0.0,10,0.0
2021-11-02,Unknown,deleted,0.0,3,0.0
2021-11-03,MSIL1C,synchronized,92.90550980623811,204,29.591952638888888
2021-11-03,Unknown,deleted,0.0,1,0.0
2021-11-04,MSIL1C,synchronized,201.92663082946092,454,35.82818513888889
2021-11-05,MSIL1C,synchronized,254.2742512570694,569,4.032125833333334
2021-11-06,MSIL1C,synchronized,129.8090845393017,293,3.717325833333333
2021-11-07,MSIL1C,synchronized,150.47549403365701,325,2.3838155555555556
2021-11-08,MSIL1C,synchronized,106.68883774150163,220,1.5952977777777777
2021-11-09,MSIL1C,synchronized,134.94588302541524,304,2.464926111111111
2021-11-10,MSIL1C,fscanner,4017.941684507765,9237,2818.902433888889
2021-11-10,MSIL1C,synchronized,147.11087040323764,332,2.5950955555555555
2021-11-11,MSIL1C,fscanner,4001.9351890394464,9308,2864.4733652777777
2021-11-11,MSIL1C,synchronized,118.42711932118982,259,2.6555608333333334
2021-11-12,MSIL1C,fscanner,2904.715878817253,6686,2858.4333308333335
2021-11-12,MSIL1C,synchronized,125.98676558490843,269,2.65083
2021-11-13,MSIL1C,fscanner,177.2902195053175,403,2772.7110208333334
2021-11-15,MSIL1C,synchronized,335.1921934587881,737,23.002255555555553
2021-11-15,Unknown,deleted,0.0,27,0.0
2021-11-16,MSIL1C,synchronized,99.22380096651614,219,2.784186111111111
2021-11-17,MSIL1C,fscanner,869.9950395207852,1999,2963.3380661111114
2021-11-17,MSIL1C,synchronized,111.77422946412116,243,3.3287766666666667
2021-11-18,MSIL1C,fscanner,6861.930062498897,15811,2990.722394166667
2021-11-18,Unknown,deleted,0.0,4,0.0
2021-11-19,MSIL1C,fscanner,3754.529553366825,8624,3036.9020056944446
2021-11-19,MSIL1C,synchronized,18.157517115585506,39,10.633924444444444
2021-11-19,Unknown,deleted,0.0,2,0.0
2021-11-20,MSIL1C,fscanner,2470.0431124530733,5693,3029.061456111111
2021-11-20,MSIL1C,synchronized,45.58336486015469,109,23.42032027777778
2021-11-20,Unknown,deleted,0.0,1,0.0
2021-11-22,MSIL1C,synchronized,125.327960007824,281,54.56643277777778
2021-11-22,Unknown,deleted,0.0,13,0.0
2021-11-23,MSIL1C,synchronized,443.2955936258659,1023,50.11018638888889
2021-11-23,Unknown,deleted,0.0,119,0.0
2021-11-24,MSIL1C,fscanner,3709.0060911057517,8168,5155.305926666666
2021-11-24,MSIL1C,synchronized,77.08923566527665,163,3.1073905555555554
2021-11-25,MSIL1C,synchronized,77.49144337326288,157,2.7292269444444446
2021-11-26,MSIL1C,fscanner,1622.7104463903233,3804,4676.635310138889
2021-11-26,MSIL1C,synchronized,70.9104732433334,168,3.3601276388888888
2021-11-27,MSIL1C,synchronized,80.04299395903945,188,3.109283194444444
2021-11-28,MSIL1C,synchronized,69.92866305541247,159,1.7921236111111112
2021-11-29,MSIL1C,fscanner,4090.3572740778327,9174,4737.170755555555
2021-11-29,MSIL1C,synchronized,71.07719225250185,172,1.7576979166666669
2021-11-30,MSIL1C,fscanner,4810.382617054507,11047,4296.569336111111
2021-11-30,MSIL1C,synchronized,65.41673382371664,147,2.614441388888889
2021-12-01,MSIL1C,synchronized,64.46197063382715,138,2.72791625
2021-12-02,MSIL1C,synchronized,69.73367166798562,147,2.8931255555555557
2021-12-03,MSIL1C,fscanner,6930.600756881759,15680,4091.2942491666663
2021-12-03,MSIL1C,synchronized,58.56253343168646,124,3.262748611111111
2021-12-04,MSIL1C,fscanner,2591.959913886152,5800,4115.124540972222
2021-12-04,MSIL1C,synchronized,64.44627528171986,139,2.4147225
2021-12-05,MSIL1C,synchronized,64.35393685288727,137,2.9732008333333333
2021-12-06,MSIL1C,fscanner,1840.7350967908278,4246,3464.1692559722223
2021-12-06,MSIL1C,synchronized,56.881910807453096,114,3.920405
2021-12-07,MSIL1C,fscanner,666.2358749154955,1525,3447.0235855555557
2021-12-08,MSIL1C,fscanner,373.7697525732219,861,3481.0904827777777
2021-12-08,MSIL1C,synchronized,122.18376095686108,282,20.972349166666664
2021-12-08,Unknown,deleted,0.0,14,0.0
2021-12-09,MSIL1C,fscanner,4884.608716636896,11030,3506.5325943055554
2021-12-09,MSIL1C,synchronized,58.56556722149253,134,2.6100608333333333
2021-12-09,Unknown,deleted,0.0,179,0.0
2021-12-10,MSIL1C,fscanner,4868.997301757336,10889,3521.1651419444443
2021-12-10,MSIL1C,synchronized,47.5850504077971,104,3.384698055555556
2021-12-10,Unknown,deleted,0.0,577,0.0
2021-12-11,MSIL1C,synchronized,52.530389594845474,124,2.9436534722222225
2021-12-11,Unknown,deleted,0.0,457,0.0
2021-12-12,MSIL1C,synchronized,51.413867047056556,115,2.8017291666666666
2021-12-12,Unknown,deleted,0.0,224,0.0
2021-12-13,MSIL1C,fscanner,9064.783505276777,20244,2864.167893888889
2021-12-13,MSIL1C,synchronized,17.105115744285285,35,6.3478127777777775
2021-12-13,Unknown,deleted,0.0,1,0.0
2021-12-14,MSIL1C,fscanner,6115.108169498853,13678,2655.1458531944445
2021-12-14,MSIL1C,synchronized,43.11611426156014,97,2.8098275000000004
2021-12-15,MSIL1C,synchronized,52.164993822574615,118,2.923454722222222
2021-12-16,MSIL1C,fscanner,4066.9920377759263,8853,2233.793474166667
2021-12-16,MSIL1C,synchronized,47.199725897051394,102,2.561932777777778
2021-12-17,MSIL1C,fscanner,3720.495883741416,8142,2259.25427125
2021-12-17,MSIL1C,synchronized,54.14517700858414,106,2.7681747222222226
2021-12-18,MSIL1C,fscanner,965.5572554767132,2109,2275.134125833333
2021-12-18,MSIL1C,synchronized,50.07278493884951,111,2.5849202777777776
2021-12-19,MSIL1C,synchronized,51.27927119098604,111,2.8209425
2021-12-20,MSIL1C,synchronized,44.5017555616796,88,3.2565423611111113
2021-12-21,MSIL1C,synchronized,49.95590959582478,106,3.34305
2021-12-22,MSIL1C,synchronized,51.37242600880563,107,2.0901722222222223
2021-12-23,MSIL1C,synchronized,38.0937980748713,85,3.221032777777778
2021-12-24,MSIL1C,synchronized,49.97225106973201,100,3.8146079166666667
2021-12-25,MSIL1C,synchronized,53.61963034234941,111,2.9615380555555557
2021-12-26,MSIL1C,synchronized,46.09970091748983,95,3.3091955555555552
2021-12-27,MSIL1C,synchronized,51.30014472641051,111,3.1393661111111113
2021-12-28,MSIL1C,fscanner,3691.720702510327,8169,10563.278841666666
2021-12-28,MSIL1C,synchronized,51.00475586857647,112,3.3288230555555556
2021-12-29,MSIL1C,fscanner,9807.132905393839,21582,11322.980099722221
2021-12-29,MSIL1C,synchronized,42.00063223019242,100,2.8085666666666667
2021-12-30,MSIL1C,fscanner,11064.493158495054,25012,12003.519301111111
2021-12-30,MSIL1C,synchronized,40.87687763758004,90,3.223115138888889
2021-12-31,MSIL1C,fscanner,11247.942873419262,25988,12790.302484583333
2021-12-31,MSIL1C,synchronized,48.98701142333448,113,3.3786886111111114
2022-01-01,MSIL1C,synchronized,52.73743321374059,111,1.619885277777778
2022-01-02,MSIL1C,synchronized,47.66984337288886,100,2.4568868055555555
2022-01-03,MSIL1C,fscanner,11002.673293440603,25145,13590.326653055556
2022-01-03,MSIL1C,synchronized,58.11178147047758,120,2.545967083333333
2022-01-04,MSIL1C,fscanner,10977.877133803442,25943,14351.601656388888
2022-01-04,MSIL1C,synchronized,56.393673551268876,126,2.818100277777778
2022-01-05,MSIL1C,fscanner,11081.373833362944,25080,15100.90409361111
2022-01-05,MSIL1C,synchronized,51.43303314503282,101,3.8845163888888887
2022-01-06,MSIL1C,fscanner,10031.967272339389,22513,15868.691103055557
2022-01-06,MSIL1C,synchronized,64.5008480232209,151,5.039776666666667
2022-01-06,Unknown,deleted,0.0,2,0.0
2022-01-07,MSIL1C,synchronized,61.33756722230464,132,2.7707419444444445
2022-01-08,MSIL1C,synchronized,63.28919694479555,145,2.2480580555555556
2022-01-09,MSIL1C,synchronized,55.8447699919343,132,2.670324166666667
2022-01-10,MSIL1C,synchronized,62.95034798234701,140,3.998131527777778
2022-01-11,MSIL1C,synchronized,87.3753708852455,189,2.7136925
2022-01-12,MSIL1C,synchronized,81.37223973404616,175,3.1693391666666666
2022-01-13,MSIL1C,synchronized,69.61416961532086,150,3.1178319444444442
2022-01-14,MSIL1C,synchronized,75.3904686504975,158,3.683717638888889
2022-01-15,MSIL1C,synchronized,72.7530914163217,152,6.884849583333334
2022-01-15,Unknown,deleted,0.0,39,0.0
2022-01-16,MSIL1C,synchronized,82.23690588958561,181,2.949412777777778
2022-01-17,MSIL1C,synchronized,83.45151674188673,174,2.6343481944444447
2022-01-17,Unknown,deleted,0.0,6,0.0
2022-01-18,MSIL1C,synchronized,86.20125744119287,189,3.8609794444444443
2022-01-19,MSIL1C,synchronized,79.35330702550709,188,2.328853888888889
2022-01-20,MSIL1C,synchronized,78.48836929444224,173,2.7270108333333334
2022-01-21,MSIL1C,synchronized,94.75211592763662,189,2.8537080555555554
2022-01-22,MSIL1C,synchronized,90.57447430398315,183,2.690097222222222
2022-01-23,MSIL1C,synchronized,95.02872221078724,204,2.545663888888889
2022-01-24,MSIL1C,synchronized,94.55666497442871,209,2.8534052777777776
2022-01-25,MSIL1C,synchronized,101.75098455976695,223,7.8981924999999995
2022-01-26,MSIL1C,synchronized,85.19197152927518,189,2.8488861111111112
2022-01-27,MSIL1C,synchronized,101.04555870965123,230,2.8706345833333335
2022-01-28,MSIL1C,synchronized,104.97064105980098,233,3.3334236111111113
2022-01-29,MSIL1C,synchronized,114.10571955982596,262,2.9333963888888888
2022-01-30,MSIL1C,synchronized,108.69729579146951,255,2.807253888888889
2022-01-31,MSIL1C,fscanner,7648.524232235737,17493,22180.469758333333
2022-01-31,MSIL1C,synchronized,128.29041997902095,277,3.2117330555555554
2022-02-01,MSIL1C,fscanner,16651.29025513865,38857,21671.694531388886
2022-02-01,MSIL1C,synchronized,128.58114862907678,294,3.3123227777777777
2022-02-02,MSIL1C,fscanner,14105.53459928371,32764,24287.17040611111
2022-02-02,MSIL1C,synchronized,135.904689242132,300,4.077750972222223
2022-02-03,MSIL1C,fscanner,7493.162224847823,17599,23614.685569444442
2022-02-03,MSIL1C,synchronized,135.71108058374375,304,3.0834272222222223
2022-02-04,MSIL1C,synchronized,144.62564794253558,321,3.4062716666666666
2022-02-05,MSIL1C,synchronized,157.59989304468036,344,2.9123786111111114
2022-02-06,MSIL1C,synchronized,138.13923623692244,312,3.0152495833333335
2022-02-07,MSIL1C,fscanner,14828.992574918084,34489,30670.747094444447
2022-02-07,MSIL1C,synchronized,160.93734832573682,359,6.117031111111111
2022-02-08,MSIL1C,fscanner,16394.79186285939,38522,33368.32423277778
2022-02-08,MSIL1C,synchronized,172.17594291549176,389,3.493388888888889
2022-02-09,MSIL1C,fscanner,14619.64445523452,34713,40202.91042472223
2022-02-09,MSIL1C,synchronized,175.02096223365515,373,2.6876730555555555
2022-02-09,MSIL1C_DTERRENG,fscanner,485.5333529235795,1057,38714.979586111105
2022-02-09,Unknown,deleted,0.0,8,0.0
2022-02-10,MSIL1C,fscanner,10308.263433349319,24329,39499.71360722222
2022-02-10,MSIL1C,synchronized,186.69513633288443,407,3.0157550000000004
2022-02-10,MSIL1C_DTERRENG,fscanner,275.6196294706315,617,39213.99447861111
2022-02-10,Unknown,deleted,0.0,1,0.0
2022-02-10,Unknown,fscanner,13722.475425828248,5047,
2022-02-11,MSIL1C,synchronized,189.55750632379204,408,2.3711570833333333
2022-02-12,MSIL1C,synchronized,199.3743451014161,429,3.459664722222222
2022-02-13,MSIL1C,synchronized,185.42818950209767,437,3.3676047222222225
2022-02-14,MSIL1C,synchronized,204.2531761014834,459,3.355542222222222
2022-02-15,MSIL1C,synchronized,218.7753070127219,479,3.212661111111111
2022-02-16,MSIL1C,synchronized,180.0958658354357,415,2.8259591666666664
2022-02-17,MSIL1C,synchronized,226.95265993010253,516,3.003893888888889
2022-02-18,MSIL1C,synchronized,230.31258024089038,523,3.4616072222222223
2022-02-19,MSIL1C,synchronized,226.3141331281513,510,3.2676225
2022-02-20,MSIL1C,synchronized,198.15253713168204,434,3.317697083333333
2022-02-21,MSIL1C,synchronized,25.06164578255266,54,13.837482083333335
2022-02-22,MSIL1C,synchronized,528.6681442977861,1205,18.298652777777775
2022-02-22,Unknown,deleted,0.0,21,0.0
2022-02-23,MSIL1C,synchronized,263.49612753558904,600,3.1971455555555557
2022-02-24,MSIL1C,synchronized,293.9859350733459,670,3.7204668055555556
2022-02-25,MSIL1C,synchronized,276.6224431693554,632,3.125544861111111
2022-02-26,MSIL1C,synchronized,272.3460678383708,632,2.01479125
2022-02-27,MSIL1C,synchronized,317.33559091575444,713,2.120166388888889
2022-02-28,MSIL1C,synchronized,298.79574564658105,683,3.333192777777778
2022-03-01,MSIL1C,synchronized,334.22242677398026,746,3.213101388888889
2022-03-02,MSIL1C,synchronized,321.8638834375888,716,3.9368693055555553
2022-03-03,MSIL1C,synchronized,223.51240840181708,525,1.7895775
2022-03-04,MSIL1C,synchronized,432.3051022924483,958,3.6172523611111114
2022-03-05,MSIL1C,synchronized,382.49675500392914,831,2.6621305555555557
2022-03-06,MSIL1C,synchronized,380.4444685857743,849,3.686215277777778
2022-03-07,MSIL1C,synchronized,390.63751805759966,870,3.0180543055555553
2022-03-08,MSIL1C,synchronized,377.879268867895,833,2.1507602777777777
2022-03-09,MSIL1C,synchronized,398.97921379096806,925,2.0646519444444444
2022-03-10,MSIL1C,synchronized,393.2575534619391,919,3.5839286111111113
2022-03-11,MSIL1C,synchronized,416.77173579111695,968,3.4875983333333336
2022-03-12,MSIL1C,synchronized,426.60403449553996,1007,2.2096494444444446
2022-03-13,MSIL1C,synchronized,433.9198518432677,974,2.5358873611111115
2022-03-14,MSIL1C,synchronized,455.40888114087284,1037,3.6312858333333335
2022-03-15,MSIL1C,synchronized,464.9383300887421,1083,2.9039430555555557
2022-03-16,MSIL1C,synchronized,500.5356851806864,1084,3.1652001388888884
2022-03-17,MSIL1C,synchronized,499.4182192608714,1139,3.4534883333333335
2022-03-18,MSIL1C,synchronized,491.9438990354538,1125,3.3754897222222224
2022-03-19,MSIL1C,synchronized,488.29385874886066,1076,5.480542083333333
2022-03-20,MSIL1C,synchronized,482.8854659795761,1052,3.140360138888889
2022-03-21,MSIL1C,synchronized,564.928447519429,1242,3.4039248611111113
2022-03-22,MSIL1C,synchronized,578.0369051750749,1284,3.0950906944444445
2022-03-23,MSIL1C,synchronized,615.4874331913888,1325,4.690317777777778
2022-03-24,MSIL1C,synchronized,598.4188958304003,1281,3.9292483333333332
2022-03-25,MSIL1C,synchronized,589.6281831339002,1315,2.892323333333333
2022-03-26,MSIL1C,synchronized,586.7552259881049,1272,2.6541068055555557
2022-03-27,MSIL1C,synchronized,621.31249595806,1351,3.7788530555555555
2022-03-28,MSIL1C,synchronized,625.6810884056613,1340,2.6729787500000004
2022-03-29,MSIL1C,synchronized,694.1777515541762,1521,3.301348611111111
2022-03-30,MSIL1C,synchronized,529.5167930200696,1185,3.5740016666666667
2022-03-31,MSIL1C,synchronized,660.0955177545547,1439,3.9899286111111114
2022-04-01,MSIL1C,synchronized,658.3704946832731,1444,3.3265233333333333
2022-04-02,MSIL1C,synchronized,642.0337323164567,1374,2.98740375
2022-04-03,MSIL1C,synchronized,673.8452394222841,1410,4.562331111111112
2022-04-04,MSIL1C,synchronized,654.9749834509566,1431,3.5645083333333334
2022-04-05,MSIL1C,synchronized,667.4661370748654,1454,4.06122986111111
2022-04-06,MSIL1C,synchronized,639.3232820890844,1451,5.2758175
2022-04-07,MSIL1C,synchronized,586.1907099876553,1286,3.043081527777778
2022-04-08,MSIL1C,synchronized,661.865445215255,1442,2.901533888888889
2022-04-09,MSIL1C,synchronized,622.8683851286769,1384,3.525490555555556
2022-04-10,MSIL1C,synchronized,558.62496854458,1263,3.137437222222222
2022-04-11,MSIL1C,synchronized,640.6978095714003,1469,3.242693611111111
2022-04-12,MSIL1C,synchronized,590.6458215881139,1291,4.326099999999999
2022-04-13,MSIL1C,synchronized,659.3893918292597,1468,3.986832777777778
2022-04-14,MSIL1C,synchronized,556.327907294035,1261,3.699908888888889
2022-04-15,MSIL1C,synchronized,633.857970523648,1413,3.186741111111111
2022-04-16,MSIL1C,synchronized,650.8435173742473,1459,4.384851944444445
2022-04-17,MSIL1C,synchronized,607.1239609662443,1405,2.9093827777777777
2022-04-18,MSIL1C,synchronized,624.6518974285573,1398,2.4110154166666664
2022-04-19,MSIL1C,synchronized,585.355389604345,1337,3.336925277777778
2022-04-20,MSIL1C,synchronized,591.7111307503656,1318,4.964540416666667
2022-04-21,MSIL1C,synchronized,655.137615901418,1478,2.9669559722222223
2022-04-23,MSIL1C,synchronized,660.763809915632,1414,4.034227777777778
2022-04-24,MSIL1C,synchronized,506.65669447835535,1153,3.0979824999999996
2022-04-22,MSIL1C,synchronized,616.1311918646097,1366,3.1208030555555557
2022-04-25,MSIL1C,synchronized,652.730830969289,1416,3.0297119444444442
2022-04-26,MSIL1C,synchronized,612.2580604730174,1350,3.7715433333333337
2022-04-27,MSIL1C,synchronized,538.0346562359482,1200,2.765395555555555
2022-04-28,MSIL1C,synchronized,723.5178801137954,1643,4.3819475
2022-04-29,MSIL1C,synchronized,617.9734489694238,1374,7.112065416666667
2022-04-30,MSIL1C,synchronized,641.0169719718397,1435,4.374986944444444
2022-05-01,MSIL1C,synchronized,640.6167542682961,1443,4.070042777777778
2022-05-02,MSIL1C,synchronized,618.5227431068197,1411,3.3726072222222223
2022-05-03,MSIL1C,synchronized,639.1524277990684,1449,4.414725
2022-05-04,MSIL1C,synchronized,610.0439414549619,1358,4.903608888888889
2022-05-05,MSIL1C,synchronized,640.7553399000317,1416,3.6207213888888887
2022-05-06,MSIL1C,synchronized,448.2154941614717,1032,4.544740694444444
2022-05-07,MSIL1C,synchronized,796.99095736444,1825,4.588943888888889
2022-05-08,MSIL1C,synchronized,623.8710386557505,1423,4.2790469444444446
2022-05-09,MSIL1C,synchronized,620.802878039889,1445,5.783950833333334
2022-05-10,MSIL1C,synchronized,599.3229137463495,1398,4.719352499999999
2022-05-10,Unknown,deleted,0.0,26,0.0
2022-04-22,MSIL1C,synchronized,616.1311918646097,1366,3.1208030555555557
2022-05-11,MSIL1C,synchronized,456.2283700359985,1067,5.161733333333334
2022-05-11,Unknown,deleted,0.0,1,0.0
2022-05-12,MSIL1C,synchronized,573.1494644097984,1310,6.163703611111112
2022-05-13,MSIL1C,synchronized,414.94173249043524,991,10.718140277777778
2022-05-14,MSIL1C,synchronized,466.5777528034523,1087,6.125096666666667
2022-05-15,MSIL1C,synchronized,875.5549090951681,1997,11.162394722222222
2022-05-16,MSIL1C,synchronized,750.0696740243584,1733,5.815079166666667
2022-05-17,MSIL1C,synchronized,621.3860874697566,1453,5.442665277777778
2022-05-18,MSIL1C,synchronized,631.3645247872919,1425,4.583949166666667
2022-05-19,MSIL1C,synchronized,610.6598739307374,1432,5.753382638888889
2022-05-20,MSIL1C,synchronized,600.1813141033053,1413,3.675598888888889
2022-05-21,MSIL1C,synchronized,623.1110012363642,1432,5.2175240277777775
2022-05-22,MSIL1C,synchronized,612.7649383600801,1382,4.056847777777778
2022-05-23,MSIL1C,synchronized,439.6917285239324,1011,4.0578030555555555
2022-05-24,MSIL1C,synchronized,509.4932737732306,1194,6.808463888888889
2022-05-25,MSIL1C,synchronized,854.4132796926424,2018,8.853996111111112
2022-05-26,MSIL1C,synchronized,596.6072992915288,1420,4.8841906944444435
2022-05-27,MSIL1C,synchronized,604.8131247442216,1424,4.1755925
2022-05-28,MSIL1C,synchronized,661.6213702075183,1491,4.314991111111111
2022-05-29,MSIL1C,synchronized,628.6452807895839,1425,4.351125555555555
2022-05-30,MSIL1C,synchronized,642.5252127544954,1474,3.9591516666666666
2022-05-31,MSIL1C,synchronized,573.9111528610811,1337,6.15853888888889
2022-06-01,MSIL1C,synchronized,633.4080109624192,1465,5.006596666666667
2022-06-02,MSIL1C,synchronized,439.09388475865126,1005,7.317701388888889
2022-06-03,MSIL1C,synchronized,602.4306743526831,1429,3.7091700000000003
2022-06-04,MSIL1C,synchronized,616.1691597243771,1429,4.106799722222222
2022-06-05,MSIL1C,synchronized,600.7915548197925,1417,4.701366111111112
2022-06-06,MSIL1C,synchronized,571.846745621413,1360,3.776254027777778
2022-06-07,MSIL1C,synchronized,643.5326419947669,1486,4.9958905555555555
2022-06-08,MSIL1C,synchronized,668.9866443388164,1534,6.147919027777778
2022-06-09,MSIL1C,synchronized,719.7447733180597,1658,6.422989166666666
2022-06-10,MSIL1C,synchronized,661.3596840752289,1497,5.1474675
2022-06-11,MSIL1C,synchronized,542.8047442175448,1261,4.309700833333333
2022-06-12,MSIL1C,synchronized,580.8407903434709,1334,4.289304722222223
2022-06-13,MSIL1C,synchronized,416.99937551654875,1011,3.547457222222222
2022-06-14,MSIL1C,synchronized,658.8162289867178,1510,5.718640000000001
2022-06-15,MSIL1C,synchronized,581.9125754907727,1359,4.8654525
2022-06-16,MSIL1C,synchronized,543.1870853193104,1224,5.023230694444444
2022-06-17,MSIL1C,synchronized,701.1860604686663,1583,4.801200277777777
2022-06-18,MSIL1C,synchronized,634.1520788222551,1467,4.484783055555555
2022-06-19,MSIL1C,synchronized,598.1796431913972,1409,3.750604722222222
2022-06-20,MSIL1C,synchronized,532.2015253948048,1243,3.8823688888888888
2022-06-21,MSIL1C,synchronized,599.6638922765851,1436,4.1256901388888885
2022-06-22,MSIL1C,synchronized,566.6909679668024,1306,4.279132916666667
2022-06-23,MSIL1C,synchronized,602.5056023225188,1460,5.38107625
2022-06-24,MSIL1C,synchronized,580.0147000961006,1311,3.8175616666666667
2022-06-25,MSIL1C,synchronized,572.173069565557,1314,4.145176111111111
2022-06-26,MSIL1C,synchronized,595.4145188527182,1362,4.067946527777778
2022-06-27,MSIL1C,synchronized,676.0419680057094,1522,4.731803055555556
2022-06-28,MSIL1C,synchronized,602.9922935692593,1424,4.12509
2022-06-29,MSIL1C,synchronized,610.700394355692,1437,4.017045277777777
2022-06-30,MSIL1C,synchronized,576.3775636702776,1353,4.353406666666666
2022-07-01,MSIL1C,synchronized,573.8405696284026,1337,3.8899930555555557
2022-07-02,MSIL1C,synchronized,636.3904254641384,1445,4.367320555555556
2022-07-03,MSIL1C,synchronized,651.6601707749069,1496,4.580967916666667
2022-07-04,MSIL1C,synchronized,641.9963117614388,1417,4.928478055555556
2022-07-05,MSIL1C,synchronized,0.17548772785812616,4,4.786010138888889
2022-07-06,MSIL1C,synchronized,527.4186634998769,1170,26.215029166666667
2022-07-07,MSIL1C,synchronized,1228.3577143168077,2725,7.680865833333333
2022-07-08,MSIL1C,synchronized,510.8453840287402,1137,12.4178425
2022-07-09,MSIL1C,synchronized,814.2977431304753,1904,5.786172499999999
2022-07-10,MSIL1C,synchronized,611.4873686423525,1419,3.881819722222222
2022-07-11,MSIL1C,synchronized,628.2377729490399,1436,3.909989027777778
2022-07-12,MSIL1C,synchronized,581.4360054079443,1325,5.219854166666666
2022-07-13,MSIL1C,fscanner,998.7434589657933,2246,1898.6845531944446
2022-07-13,MSIL1C,synchronized,600.7845691163093,1425,3.9285011111111108
2022-07-13,Unknown,deleted,0.0,3,0.0
2022-07-14,MSIL1C,synchronized,572.6429929723963,1359,4.4096
2022-07-15,MSIL1C,synchronized,605.7082549063489,1405,4.833849166666667
2022-07-16,MSIL1C,synchronized,581.9074480785057,1335,3.954143888888889
2022-07-17,MSIL1C,synchronized,303.7528099939227,694,3.7513863888888888
2022-07-18,MSIL1C,synchronized,332.4464785140008,752,3.925955138888889
2022-07-19,MSIL1C,synchronized,1179.5584536157548,2727,22.267475833333332
2022-07-19,Unknown,deleted,0.0,21,0.0
2022-07-20,MSIL1C,synchronized,613.0939623778686,1403,5.175434999999999
2022-07-21,MSIL1C,synchronized,630.7578324778005,1384,4.143343611111112
2022-07-22,MSIL1C,synchronized,569.7910967106,1286,4.615485972222222
2022-07-23,MSIL1C,synchronized,697.8291493095458,1555,4.019966111111112
2022-07-24,MSIL1C,synchronized,643.9551746621728,1427,4.323652777777777
2022-07-25,MSIL1C,synchronized,6.1078667575493455,19,3.3949052777777777
2022-07-28,MSIL1C,synchronized,2419.542790386826,5651,29.952821666666665
2022-07-28,Unknown,deleted,0.0,78,0.0
2022-07-29,MSIL1C,synchronized,672.6253135809675,1544,5.02687
2022-07-29,Unknown,deleted,0.0,1,0.0
2022-07-30,MSIL1C,synchronized,0.24787414260208607,2,6.1776398611111105
2022-07-31,MSIL1C,synchronized,119.53680645674467,279,27.694803611111112
2022-08-01,MSIL1C,synchronized,281.6163306925446,646,46.42671791666667
2022-08-02,MSIL1C,synchronized,74.95694358460605,179,67.89502055555555
2022-08-03,MSIL1C,synchronized,52.93508203048259,139,89.13408249999999
2022-08-04,MSIL1C,synchronized,2731.876343699172,6170,56.940734444444445
2022-08-04,Unknown,deleted,0.0,21,0.0
2022-08-05,MSIL1C,synchronized,1003.2896789684892,2244,7.382468055555556
2022-08-06,MSIL1C,synchronized,676.7045899927616,1530,4.693336527777777
2022-08-07,MSIL1C,synchronized,632.6333423899487,1457,3.7486349999999997
2022-08-08,MSIL1C,synchronized,589.1907921312377,1322,3.7010625
2022-08-09,MSIL1C,synchronized,606.7344848010689,1397,4.686111388888889
2022-08-10,MSIL1C,synchronized,604.3428185414523,1396,4.414045833333333
2022-08-11,MSIL1C,synchronized,567.7004338335246,1302,6.5342513888888885
2022-08-11,Unknown,deleted,0.0,1,0.0
2022-08-12,MSIL1C,synchronized,589.6693686246872,1362,4.519377361111111
2022-08-12,Unknown,deleted,0.0,6,0.0
2022-08-13,MSIL1C,synchronized,676.2034540614113,1455,5.287088333333333
2022-08-13,Unknown,deleted,0.0,3,0.0
2022-08-14,MSIL1C,synchronized,620.4632753394544,1380,4.8409691666666665
2022-08-14,Unknown,deleted,0.0,3,0.0
2022-08-15,MSIL1C,synchronized,566.4938760567456,1257,5.354544722222222
2022-08-15,Unknown,deleted,0.0,3,0.0
2022-08-16,MSIL1C,synchronized,552.868790266104,1212,6.423063472222222
2022-08-16,Unknown,deleted,0.0,1,0.0
2022-08-17,MSIL1C,synchronized,238.41327695176005,527,3.771045277777778
2022-08-17,Unknown,deleted,0.0,9,0.0
2022-08-22,MSIL1C,synchronized,1253.9179547140375,2870,95.99160027777778
2022-08-22,Unknown,deleted,0.0,29,0.0
2022-08-23,MSIL1C,synchronized,2004.3396874926984,4536,66.18865333333333
2022-08-23,Unknown,deleted,0.0,26,0.0
2022-08-24,MSIL1C,synchronized,1539.3874923847616,3427,18.361724722222224
2022-08-24,Unknown,deleted,0.0,10,0.0
2022-08-25,MSIL1C,synchronized,637.4040137538686,1417,7.197659444444445
2022-08-25,Unknown,deleted,0.0,1,0.0
2022-08-26,MSIL1C,synchronized,637.7640500534326,1423,5.5837594444444445
2022-08-27,MSIL1C,synchronized,621.0905449856073,1386,9.044495
2022-08-28,MSIL1C,synchronized,641.5205008080229,1417,4.723823333333333
2022-08-29,MSIL1C,synchronized,709.2758651822805,1573,6.770747777777777
2022-08-30,MSIL1C,synchronized,656.4357858151197,1406,5.634217222222222
2022-08-31,MSIL1C,synchronized,668.3071358399466,1441,5.1310475
2022-09-01,MSIL1C,synchronized,786.0147390188649,1732,5.128387222222223
2022-09-02,MSIL1C,synchronized,686.067044775933,1464,4.384666111111111
2022-09-03,MSIL1C,synchronized,641.2259300751612,1417,5.393413888888889
2022-09-04,MSIL1C,synchronized,618.501890568994,1351,4.597241666666666
2022-09-05,MSIL1C,synchronized,646.5519088935107,1374,6.256528194444444
2022-09-06,MSIL1C,synchronized,725.5520812598988,1570,7.675600694444444
2022-09-07,MSIL1C,synchronized,584.1550900712609,1271,4.137105555555555
2022-09-08,MSIL1C,synchronized,305.8224082859233,684,8.000493194444445
2022-09-09,MSIL1C,synchronized,921.1154516739771,1987,10.593419722222222
2022-09-11,MSIL1C,synchronized,681.2180176842958,1457,4.419887222222222
2022-09-12,MSIL1C,synchronized,473.63770767487586,1020,6.676139305555556
2022-09-13,MSIL1C,synchronized,826.0926833087578,1787,8.978614166666667
2022-09-13,Unknown,deleted,0.0,1,0.0
2022-09-10,MSIL1C,synchronized,717.6224146829918,1560,5.042197638888888
2022-09-14,MSIL1C,synchronized,627.0310943415388,1355,6.715322222222222
2022-09-15,MSIL1C,synchronized,610.0567988278344,1296,6.1148284722222215
2022-09-16,MSIL1C,synchronized,599.5331692965701,1343,6.590498888888888
2022-09-17,MSIL1C,synchronized,555.0459944047034,1242,7.34529125
2022-09-18,MSIL1C,synchronized,557.6875216234475,1232,5.1569569444444445
2022-09-19,MSIL1C,synchronized,549.7075509559363,1198,6.24327875
2022-09-20,MSIL1C,synchronized,324.32146321143955,737,11.000710833333333
2022-09-21,MSIL1C,synchronized,687.6958276815712,1541,12.992340555555556
2022-09-22,MSIL1C,synchronized,478.5891532730311,1066,11.76722472222222
2022-09-22,Unknown,deleted,0.0,1,0.0
2022-09-23,MSIL1C,synchronized,705.382326791063,1598,6.592557222222222
2022-09-24,MSIL1C,synchronized,511.3580873589963,1146,6.867560833333333
2022-09-25,MSIL1C,synchronized,519.7153811044991,1175,6.730792777777777
2022-09-26,MSIL1C,synchronized,472.6728055588901,1059,6.389747222222223
2022-09-27,MSIL1C,synchronized,470.878752711229,1030,6.473799166666667
2022-09-28,MSIL1C,synchronized,472.44710935559124,1069,4.790328611111112
2022-09-29,MSIL1C,synchronized,473.54686162248254,1040,5.675801388888889
2022-09-30,MSIL1C,synchronized,437.5432903598994,989,4.980391666666667
2022-10-01,MSIL1C,synchronized,383.05151626560837,858,4.780541111111111
2022-10-02,MSIL1C,synchronized,382.42934087850153,843,4.351619722222222
2022-10-03,MSIL1C,synchronized,405.47004759218544,911,5.854672222222222
2022-10-04,MSIL1C,synchronized,371.9446739461273,823,3.2929122222222222
2022-10-05,MSIL1C,synchronized,371.0871049389243,840,5.050573611111111
2022-10-06,MSIL1C,synchronized,378.30555812455714,859,5.567203888888889
2022-10-07,MSIL1C,synchronized,361.7500041089952,810,4.825855555555556
2022-10-08,MSIL1C,synchronized,360.4071399345994,784,4.131784722222222
2022-10-09,MSIL1C,synchronized,320.8231415254995,697,4.764503611111111
2022-10-10,MSIL1C,synchronized,340.50281473156065,757,5.151451388888889
2022-10-11,MSIL1C,synchronized,324.5478385379538,712,6.9345775
2022-10-12,MSIL1C,synchronized,333.6949752913788,732,4.625914305555556
2022-10-13,MSIL1C,synchronized,298.5420339331031,664,5.164724861111111
2022-10-14,MSIL1C,synchronized,244.46557153575122,542,6.6731131944444435
2022-10-15,MSIL1C,synchronized,293.2370294937864,634,4.7084913888888895
2022-10-16,MSIL1C,synchronized,272.18169683218,622,4.683775833333334
2022-10-17,MSIL1C,synchronized,277.78574701119214,619,4.4944991666666665
2022-10-18,MSIL1C,synchronized,277.9676999831572,597,3.9204041666666667
2022-10-19,MSIL1C,synchronized,425.04735595081,915,9.608947222222222
2022-10-20,MSIL1C,synchronized,246.90764380339533,528,5.673490833333333
2022-10-21,MSIL1C,synchronized,240.94561169855297,537,5.406643333333333
2022-10-22,MSIL1C,synchronized,228.98228625394404,496,3.5646449999999996
2022-10-23,MSIL1C,synchronized,225.2133007850498,492,5.243100138888889
2022-10-24,MSIL1C,synchronized,350.5078330980614,771,10.911759166666666
2022-10-25,MSIL1C,synchronized,275.90752639900893,605,1450.0470050000001
2022-10-26,MSIL1C,synchronized,700.1600165916607,1505,1412.514688611111
2022-10-27,MSIL1C,synchronized,516.5751289185137,1130,17.09245
2022-10-28,MSIL1C,synchronized,191.83409549016505,423,4.801280277777778
2022-10-29,MSIL1C,synchronized,176.43036216963083,401,4.437062777777777
2022-10-30,MSIL1C,synchronized,170.84783817641437,368,4.434440555555556
2022-10-31,MSIL1C,synchronized,184.47896739654243,393,4.419267222222222
2022-11-01,MSIL1C,synchronized,173.70530022121966,384,4.067664305555556
2022-11-02,MSIL1C,synchronized,171.04826752655208,374,5.24498013888889
2022-11-03,MSIL1C,fscanner,4229.348100367002,9304,13937.936489861111
2022-11-03,MSIL1C,synchronized,149.4281344106421,325,4.884915833333333
2022-11-04,MSIL1C,fscanner,1394.8776544872671,3132,13895.582347083335
2022-11-04,MSIL1C,synchronized,156.3324054889381,334,5.650984722222223
2022-11-05,MSIL1C,synchronized,88.55129615962505,189,2.9590933333333336
2022-11-06,MSIL1C,synchronized,109.74871848616749,253,7.5898433333333335
2022-11-07,MSIL1C,synchronized,157.396534091793,331,6.448195833333334
2022-11-08,MSIL1C,synchronized,129.23931380175054,288,2.5204133333333334
2022-11-09,MSIL1C,fscanner,1475.8850057432428,3186,13993.28703486111
2022-11-09,MSIL1C,synchronized,130.22183020506054,286,4.300943472222222
2022-11-10,MSIL1C,synchronized,124.1732454970479,271,3.8599583333333336
2022-11-11,MSIL1C,synchronized,114.7272955076769,267,6.339196111111111
2022-11-12,MSIL1C,synchronized,129.71210725512356,269,3.2837958333333335
2022-11-13,MSIL1C,synchronized,112.13677175249904,238,5.5304575
2022-11-14,MSIL1C,fscanner,1497.541177250445,3285,14089.539344722223
2022-11-14,MSIL1C,synchronized,116.52660426218063,237,6.112216388888888
2022-11-15,MSIL1C,fscanner,1420.9374981615692,3156,14094.03922736111
2022-11-15,MSIL1C,synchronized,110.78817758895457,243,4.230048888888889
2022-11-16,MSIL1C,fscanner,1485.4611954800785,3289,14095.233057777778
2022-11-16,MSIL1C,synchronized,98.0535928402096,210,3.644617361111111
2022-11-17,MSIL1C,fscanner,1436.8400305248797,3254,14099.086111249999
2022-11-17,MSIL1C,synchronized,115.54265165980905,238,3.5742438888888888
2022-11-18,MSIL1C,fscanner,68.5678030019626,150,14101.840956527778
2022-11-18,MSIL1C,synchronized,101.74263871274889,203,3.042089722222222
2022-11-25,MSIL1C,synchronized,402.719777751714,850,102.47477416666666
2022-11-25,Unknown,deleted,0.0,5,0.0
2022-12-27,MSIL1C,synchronized,1211.0834656478837,2569,384.83582027777777
2022-12-27,Unknown,deleted,0.0,38,0.0
2023-01-04,MSIL1C,synchronized,17.902997879311442,36,5.182258611111111
2023-01-05,MSIL1C,synchronized,15.046786224469543,31,4.044771944444444
2023-01-06,MSIL1C,synchronized,20.543069936335087,48,5.283611944444444
2023-01-07,MSIL1C,synchronized,18.70736630540341,40,4.902042916666668
2023-01-08,MSIL1C,synchronized,17.199137713760138,34,4.061441111111112
2023-01-09,MSIL1C,synchronized,548.2618079222739,1180,167.35568333333333
2023-01-10,MSIL1C,synchronized,22.94604760967195,51,6.152416388888889
2023-01-11,MSIL1C,synchronized,1.70160202216357,4,336.42453208333336
2023-01-12,MSIL1C,synchronized,141.57131894025952,300,26.636522777777778
2023-01-13,MSIL1C,synchronized,71.64771283511072,154,4.577474722222222
2023-01-13,Unknown,deleted,0.0,2,0.0
2023-01-14,MSIL1C,synchronized,66.8415808621794,160,2.6052420833333336
2023-01-15,MSIL1C,synchronized,62.997488097287714,144,3.5367580555555556
2023-01-16,MSIL1C,synchronized,78.5679144160822,155,4.0204
2023-01-17,MSIL1C,synchronized,69.51858895085752,159,5.517871111111111
2023-01-18,MSIL1C,synchronized,3.2565457597374916,9,1.2118238888888888
2023-01-18,MSIL1C,synchronized,3.2565457597374916,9,1.2118238888888888
2023-01-26,MSIL1C,synchronized,505.67097386717796,1057,127.08602055555555
2023-01-27,MSIL1C,synchronized,337.89778254460543,721,40.26556722222222
2023-01-29,MSIL1C,synchronized,44.10780041012913,99,51.320209444444444
2023-01-29,MSIL1C,synchronized,44.10780041012913,99,51.320209444444444
2023-01-30,MSIL1C,synchronized,74.61408125888556,181,33.15332388888889
2023-01-31,MSIL1C,synchronized,102.93266803678125,227,12.664600277777778
2023-02-01,MSIL1C,synchronized,54.741583180613816,120,7.387226527777777
2023-02-02,MSIL1C,synchronized,43.88289699330926,86,10.275272916666667
2023-02-03,MSIL1C,synchronized,58.31331393588334,137,8.39795611111111
2023-02-04,MSIL1C,synchronized,43.65372046735138,102,12.92257875
2023-02-05,MSIL1C,synchronized,66.39514206070453,148,13.589526527777778
2023-02-06,MSIL1C,synchronized,71.99372888542712,150,7.595314722222222
2023-02-07,MSIL1C,synchronized,55.77117480430752,137,9.077674444444444
2023-02-08,MSIL1C,synchronized,278.8037393344566,636,6.1874223611111105
2023-02-09,MSIL1C,synchronized,162.04161056224257,379,4.464958333333334
2023-02-10,MSIL1C,synchronized,173.6170296985656,381,4.321019722222222
2023-02-11,MSIL1C,synchronized,165.72822400089353,350,4.2569125
2023-02-12,MSIL1C,synchronized,5.387714399956167,14,9.978570555555557
2023-02-17,MSIL1C,synchronized,638.8795198556036,1450,25.63319222222222
2023-02-17,Unknown,deleted,0.0,16,0.0
2023-02-18,MSIL1C,synchronized,121.19637373276055,285,3.125172777777778
2023-02-19,MSIL1C,synchronized,262.8212346667424,587,5.529679722222222
2023-02-19,Unknown,deleted,0.0,2,0.0
2023-02-20,MSIL1C,synchronized,346.41694995667785,785,6.616778888888889
2023-02-20,Unknown,deleted,0.0,3,0.0
2023-02-21,MSIL1C,synchronized,235.36680673994124,517,4.528508888888889
2023-02-21,Unknown,deleted,0.0,109,0.0
2023-02-22,MSIL1C,synchronized,274.8091092146933,587,4.7923675
2023-02-23,MSIL1C,synchronized,262.58293543197215,601,5.4082727777777775
2022-09-10,MSIL1C,synchronized,717.6224146829918,1560,5.042197638888888
2022-09-11,MSIL1C,synchronized,681.2180176842958,1457,4.419887222222222
2022-09-12,MSIL1C,synchronized,473.63770767487586,1020,6.676139305555556
2022-09-13,MSIL1C,synchronized,826.0926833087578,1787,8.978614166666667
2022-09-13,Unknown,deleted,0.0,1,0.0
2022-09-14,MSIL1C,synchronized,627.0310943415388,1355,6.715322222222222
2022-09-15,MSIL1C,synchronized,610.0567988278344,1296,6.1148284722222215
2022-09-16,MSIL1C,synchronized,599.5331692965701,1343,6.590498888888888
2022-09-17,MSIL1C,synchronized,555.0459944047034,1242,7.34529125
2022-09-18,MSIL1C,synchronized,557.6875216234475,1232,5.1569569444444445
2022-09-19,MSIL1C,synchronized,549.7075509559363,1198,6.24327875
2022-09-20,MSIL1C,synchronized,324.32146321143955,737,11.000710833333333
2022-09-21,MSIL1C,synchronized,687.6958276815712,1541,12.992340555555556
2022-09-22,MSIL1C,synchronized,478.5891532730311,1066,11.76722472222222
2022-09-22,Unknown,deleted,0.0,1,0.0
2022-09-23,MSIL1C,synchronized,705.382326791063,1598,6.592557222222222
2022-09-24,MSIL1C,synchronized,511.3580873589963,1146,6.867560833333333
2022-09-25,MSIL1C,synchronized,519.7153811044991,1175,6.730792777777777
2022-09-26,MSIL1C,synchronized,472.6728055588901,1059,6.389747222222223
2022-09-27,MSIL1C,synchronized,470.878752711229,1030,6.473799166666667
2022-09-28,MSIL1C,synchronized,472.44710935559124,1069,4.790328611111112
2022-09-29,MSIL1C,synchronized,473.54686162248254,1040,5.675801388888889
2022-09-30,MSIL1C,synchronized,437.5432903598994,989,4.980391666666667
2022-10-01,MSIL1C,synchronized,383.05151626560837,858,4.780541111111111
2022-10-02,MSIL1C,synchronized,382.42934087850153,843,4.351619722222222
2022-10-03,MSIL1C,synchronized,405.47004759218544,911,5.854672222222222
2022-10-04,MSIL1C,synchronized,371.9446739461273,823,3.2929122222222222
2022-10-05,MSIL1C,synchronized,371.0871049389243,840,5.050573611111111
2022-10-06,MSIL1C,synchronized,378.30555812455714,859,5.567203888888889
2022-10-07,MSIL1C,synchronized,361.7500041089952,810,4.825855555555556
2022-10-08,MSIL1C,synchronized,360.4071399345994,784,4.131784722222222
2022-10-09,MSIL1C,synchronized,320.8231415254995,697,4.764503611111111
2022-10-10,MSIL1C,synchronized,340.50281473156065,757,5.151451388888889
2022-10-11,MSIL1C,synchronized,324.5478385379538,712,6.9345775
2022-10-12,MSIL1C,synchronized,333.6949752913788,732,4.625914305555556
2022-10-13,MSIL1C,synchronized,298.5420339331031,664,5.164724861111111
2022-10-14,MSIL1C,synchronized,244.46557153575122,542,6.6731131944444435
2022-10-15,MSIL1C,synchronized,293.2370294937864,634,4.7084913888888895
2022-10-16,MSIL1C,synchronized,272.18169683218,622,4.683775833333334
2022-10-17,MSIL1C,synchronized,277.78574701119214,619,4.4944991666666665
2022-10-18,MSIL1C,synchronized,277.9676999831572,597,3.9204041666666667
2022-10-19,MSIL1C,synchronized,425.04735595081,915,9.608947222222222
2022-10-20,MSIL1C,synchronized,246.90764380339533,528,5.673490833333333
2022-10-21,MSIL1C,synchronized,240.94561169855297,537,5.406643333333333
2022-10-22,MSIL1C,synchronized,228.98228625394404,496,3.5646449999999996
2022-10-23,MSIL1C,synchronized,225.2133007850498,492,5.243100138888889
2022-10-24,MSIL1C,synchronized,350.5078330980614,771,10.911759166666666
2022-10-25,MSIL1C,synchronized,275.90752639900893,605,1450.0470050000001
2022-10-26,MSIL1C,synchronized,700.1600165916607,1505,1412.514688611111
2022-10-27,MSIL1C,synchronized,516.5751289185137,1130,17.09245
2022-10-28,MSIL1C,synchronized,191.83409549016505,423,4.801280277777778
2022-10-29,MSIL1C,synchronized,176.43036216963083,401,4.437062777777777
2022-10-30,MSIL1C,synchronized,170.84783817641437,368,4.434440555555556
2022-10-31,MSIL1C,synchronized,184.47896739654243,393,4.419267222222222
2022-11-01,MSIL1C,synchronized,173.70530022121966,384,4.067664305555556
2022-11-02,MSIL1C,synchronized,171.04826752655208,374,5.24498013888889
2022-11-03,MSIL1C,fscanner,4229.348100367002,9304,13937.936489861111
2022-11-03,MSIL1C,synchronized,149.4281344106421,325,4.884915833333333
2022-11-04,MSIL1C,fscanner,1394.8776544872671,3132,13895.582347083335
2022-11-04,MSIL1C,synchronized,156.3324054889381,334,5.650984722222223
2022-11-05,MSIL1C,synchronized,88.55129615962505,189,2.9590933333333336
2022-11-06,MSIL1C,synchronized,109.74871848616749,253,7.5898433333333335
2022-11-07,MSIL1C,synchronized,157.396534091793,331,6.448195833333334
2022-11-08,MSIL1C,synchronized,129.23931380175054,288,2.5204133333333334
2022-11-09,MSIL1C,fscanner,1475.8850057432428,3186,13993.28703486111
2022-11-09,MSIL1C,synchronized,130.22183020506054,286,4.300943472222222
2022-11-10,MSIL1C,synchronized,124.1732454970479,271,3.8599583333333336
2022-11-11,MSIL1C,synchronized,114.7272955076769,267,6.339196111111111
2022-11-12,MSIL1C,synchronized,129.71210725512356,269,3.2837958333333335
2022-11-13,MSIL1C,synchronized,112.13677175249904,238,5.5304575
2022-11-14,MSIL1C,fscanner,1497.541177250445,3285,14089.539344722223
2022-11-14,MSIL1C,synchronized,116.52660426218063,237,6.112216388888888
2022-11-15,MSIL1C,fscanner,1420.9374981615692,3156,14094.03922736111
2022-11-15,MSIL1C,synchronized,110.78817758895457,243,4.230048888888889
2022-11-16,MSIL1C,fscanner,1485.4611954800785,3289,14095.233057777778
2022-11-16,MSIL1C,synchronized,98.0535928402096,210,3.644617361111111
2022-11-17,MSIL1C,fscanner,1436.8400305248797,3254,14099.086111249999
2022-11-17,MSIL1C,synchronized,115.54265165980905,238,3.5742438888888888
2022-11-18,MSIL1C,fscanner,68.5678030019626,150,14101.840956527778
2022-11-18,MSIL1C,synchronized,101.74263871274889,203,3.042089722222222
2022-11-25,MSIL1C,synchronized,402.719777751714,850,102.47477416666666
2022-11-25,Unknown,deleted,0.0,5,0.0
2022-12-27,MSIL1C,synchronized,1211.0834656478837,2569,384.83582027777777
2022-12-27,Unknown,deleted,0.0,38,0.0
2023-01-03,MSIL1C,synchronized,173.5752144884318,367,100.61010916666666
2023-01-04,MSIL1C,synchronized,17.902997879311442,36,5.182258611111111
2023-01-05,MSIL1C,synchronized,15.046786224469543,31,4.044771944444444
2023-01-06,MSIL1C,synchronized,20.543069936335087,48,5.283611944444444
2023-01-07,MSIL1C,synchronized,18.70736630540341,40,4.902042916666668
2023-01-08,MSIL1C,synchronized,17.199137713760138,34,4.061441111111112
2023-01-09,MSIL1C,synchronized,548.2618079222739,1180,167.35568333333333
2023-01-10,MSIL1C,synchronized,22.94604760967195,51,6.152416388888889
2023-01-11,MSIL1C,synchronized,1.70160202216357,4,336.42453208333336
2023-01-12,MSIL1C,synchronized,141.57131894025952,300,26.636522777777778
2023-01-13,MSIL1C,synchronized,71.64771283511072,154,4.577474722222222
2023-01-13,Unknown,deleted,0.0,2,0.0
2023-01-14,MSIL1C,synchronized,66.8415808621794,160,2.6052420833333336
2023-01-15,MSIL1C,synchronized,62.997488097287714,144,3.5367580555555556
2023-01-16,MSIL1C,synchronized,78.5679144160822,155,4.0204
2023-01-17,MSIL1C,synchronized,69.51858895085752,159,5.517871111111111
2023-01-18,MSIL1C,synchronized,3.2565457597374916,9,1.2118238888888888
2023-01-26,MSIL1C,synchronized,505.67097386717796,1057,127.08602055555555
2023-01-27,MSIL1C,synchronized,337.89778254460543,721,40.26556722222222
2023-01-29,MSIL1C,synchronized,44.10780041012913,99,51.320209444444444
2023-01-30,MSIL1C,synchronized,74.61408125888556,181,33.15332388888889
2023-01-31,MSIL1C,synchronized,102.93266803678125,227,12.664600277777778
2023-02-01,MSIL1C,synchronized,54.741583180613816,120,7.387226527777777
2023-02-02,MSIL1C,synchronized,43.88289699330926,86,10.275272916666667
2023-02-03,MSIL1C,synchronized,58.31331393588334,137,8.39795611111111
2023-02-04,MSIL1C,synchronized,43.65372046735138,102,12.92257875
2023-02-05,MSIL1C,synchronized,66.39514206070453,148,13.589526527777778
2023-02-06,MSIL1C,synchronized,71.99372888542712,150,7.595314722222222
2023-02-07,MSIL1C,synchronized,55.77117480430752,137,9.077674444444444
2023-02-08,MSIL1C,synchronized,278.8037393344566,636,6.1874223611111105
2023-02-09,MSIL1C,synchronized,162.04161056224257,379,4.464958333333334
2023-02-10,MSIL1C,synchronized,173.6170296985656,381,4.321019722222222
2023-02-11,MSIL1C,synchronized,165.72822400089353,350,4.2569125
2023-02-12,MSIL1C,synchronized,5.387714399956167,14,9.978570555555557
2023-02-13,MSIL1C,synchronized,0.2949984520673752,2,24.821579583333335
2023-02-13,Unknown,deleted,0.0,468,0.0
2023-02-15,MSIL1C,synchronized,342.17915722634643,743,45.41840555555556
2023-02-16,MSIL1C,synchronized,37.070454268716276,79,45.853673888888885
2023-02-16,Unknown,deleted,0.0,8,0.0
2023-02-17,MSIL1C,synchronized,638.8795198556036,1450,25.63319222222222
2023-02-17,Unknown,deleted,0.0,16,0.0
2023-02-18,MSIL1C,synchronized,121.19637373276055,285,3.125172777777778
2023-02-19,MSIL1C,synchronized,262.8212346667424,587,5.529679722222222
2023-02-19,Unknown,deleted,0.0,2,0.0
2023-02-20,MSIL1C,synchronized,346.41694995667785,785,6.616778888888889
2023-02-20,Unknown,deleted,0.0,3,0.0
2023-02-21,MSIL1C,synchronized,235.36680673994124,517,4.528508888888889
2023-02-21,Unknown,deleted,0.0,109,0.0
2023-02-22,MSIL1C,synchronized,274.8091092146933,587,4.7923675
2023-02-23,MSIL1C,synchronized,262.58293543197215,601,5.4082727777777775
2023-02-24,MSIL1C,synchronized,280.9449518825859,620,4.334662222222223
2023-02-25,MSIL1C,synchronized,295.4214129243046,629,9.378920833333332
2023-02-26,MSIL1C,synchronized,285.007220688276,609,7.328764166666667
2023-02-27,MSIL1C,synchronized,308.3793710982427,678,4.380927638888889
2023-02-28,MSIL1C,synchronized,311.39290132187307,684,4.269953611111111
2023-03-01,MSIL1C,synchronized,345.32631118036807,731,4.070418611111111
2023-03-02,MSIL1C,synchronized,324.66420010104775,706,5.324210277777778
2023-03-03,MSIL1C,synchronized,333.4645777475089,724,6.001050694444444
2023-03-04,MSIL1C,synchronized,284.41935904696584,640,3.1764480555555554
2023-03-05,MSIL1C,synchronized,344.53507003188133,758,5.343231666666666
2023-03-06,MSIL1C,synchronized,380.003989440389,814,4.933236666666667
2023-03-07,MSIL1C,synchronized,393.49318430386484,847,3.697729444444444
2023-03-08,MSIL1C,synchronized,376.67825815081596,856,5.499385277777778
2023-03-09,MSIL1C,synchronized,414.16007633693516,934,6.753603194444445
2023-03-10,MSIL1C,synchronized,392.1980916960165,868,4.289567638888888
2023-03-11,MSIL1C,synchronized,451.30520718265325,964,4.713261805555556
2023-03-12,MSIL1C,synchronized,440.7793227080256,989,6.3504958333333335
2023-03-13,MSIL1C,synchronized,248.93518655374646,576,5.81177111111111
2023-03-14,MSIL1C,synchronized,638.8332246793434,1414,9.182892361111112
2023-03-15,MSIL1C,synchronized,478.81955156382173,1042,5.108322222222222
2023-03-16,MSIL1C,synchronized,518.2503632381558,1115,5.462416111111112
2023-03-17,MSIL1C,synchronized,522.807212870568,1148,3.5121079166666664
2023-03-18,MSIL1C,synchronized,481.73370951320976,1033,4.885037777777778
2023-03-19,MSIL1C,synchronized,518.2762855477631,1140,4.3203812500000005
2023-03-20,MSIL1C,synchronized,507.1433329721913,1138,3.6354313888888887
2023-03-21,MSIL1C,synchronized,565.6837255042046,1250,3.8752965277777776
2023-03-22,MSIL1C,synchronized,564.779954998754,1307,5.136475555555556
2023-03-23,MSIL1C,synchronized,454.2462538247928,1032,6.849188888888889
2023-03-24,MSIL1C,synchronized,588.4851716468111,1292,5.775095972222223
2023-03-25,MSIL1C,synchronized,588.8596606254578,1292,5.008442638888889
2023-03-26,MSIL1C,synchronized,625.6101589733735,1336,4.197833888888889
2023-03-27,MSIL1C,synchronized,647.3880876805633,1426,3.92324375
2023-03-28,MSIL1C,synchronized,624.8307705195621,1360,5.373434444444445
2023-03-29,MSIL1C,synchronized,616.3121068514884,1373,4.681028333333334
2023-03-30,MSIL1C,synchronized,631.7592749400064,1429,3.9097758333333332
2023-03-31,MSIL1C,synchronized,654.8849544357508,1414,3.963165
2023-04-01,MSIL1C,synchronized,632.143266107887,1383,5.1919361111111115
2023-04-02,MSIL1C,synchronized,645.7951104193926,1445,3.5675269444444444
2023-04-03,MSIL1C,synchronized,659.2026957385242,1441,4.269267777777777
2023-04-04,MSIL1C,synchronized,574.012688354589,1284,9.97291125
2023-04-05,MSIL1C,synchronized,593.3828096250072,1368,7.142312638888889
2023-04-06,MSIL1C,synchronized,528.5473874108866,1224,5.3014979166666665
2023-04-07,MSIL1C,synchronized,672.3526601055637,1451,4.367398888888889
2023-04-08,MSIL1C,synchronized,611.7867841124535,1337,4.2063419444444445
2023-04-09,MSIL1C,synchronized,658.4022363973781,1450,4.195657222222222
2023-04-10,MSIL1C,synchronized,659.8045635186136,1433,3.945879166666667
2023-04-11,MSIL1C,synchronized,638.5131795322523,1390,5.1060725
2023-04-12,MSIL1C,synchronized,902.2690732153133,1783,5.115378888888889
2023-04-12,Unknown,deleted,0.0,387,0.0
2023-04-13,MSIL1C,synchronized,1277.6163477990776,2346,6.786612638888889
2023-04-13,Unknown,deleted,0.0,867,0.0
2023-04-14,MSIL1C,synchronized,893.9439479866996,1791,4.467040555555555
2023-04-14,Unknown,deleted,0.0,423,0.0
2023-04-15,MSIL1C,synchronized,821.1493943594396,1710,5.660599444444444
2023-04-15,Unknown,deleted,0.0,334,0.0
2023-04-16,MSIL1C,synchronized,585.6247157119215,1270,5.83024875
2023-04-16,Unknown,deleted,0.0,207,0.0
2023-04-17,MSIL1C,synchronized,736.436591106467,1568,4.105605416666666
2023-04-17,Unknown,deleted,0.0,215,0.0
2023-04-18,MSIL1C,synchronized,725.569973949343,1575,5.193731944444445
2023-04-18,Unknown,deleted,0.0,198,0.0
2023-04-19,MSIL1C,synchronized,185.57725837547332,405,3.882396388888889
2023-04-19,Unknown,deleted,0.0,67,0.0
2023-04-24,Unknown,deleted,0.0,1,0.0
2023-04-27,MSIL1C,synchronized,596.7471108492464,1367,189.94952944444444
2023-04-27,Unknown,deleted,0.0,44,0.0
2023-05-02,MSIL1C,synchronized,173.56432854011655,378,292.04774958333337
2023-05-02,Unknown,deleted,0.0,8,0.0
2023-03-01,MSIL1C,synchronized,345.32631118036807,731,4.070418611111111
2023-03-02,MSIL1C,synchronized,324.66420010104775,706,5.324210277777778
2023-03-03,MSIL1C,synchronized,333.4645777475089,724,6.001050694444444
2023-03-04,MSIL1C,synchronized,284.41935904696584,640,3.1764480555555554
2023-03-05,MSIL1C,synchronized,344.53507003188133,758,5.343231666666666
2023-03-06,MSIL1C,synchronized,380.003989440389,814,4.933236666666667
2023-03-07,MSIL1C,synchronized,393.49318430386484,847,3.697729444444444
2023-03-08,MSIL1C,synchronized,376.67825815081596,856,5.499385277777778
2023-03-09,MSIL1C,synchronized,414.16007633693516,934,6.753603194444445
2023-03-10,MSIL1C,synchronized,392.1980916960165,868,4.289567638888888
2023-03-11,MSIL1C,synchronized,451.30520718265325,964,4.713261805555556
2023-03-12,MSIL1C,synchronized,440.7793227080256,989,6.3504958333333335
2023-03-13,MSIL1C,synchronized,248.93518655374646,576,5.81177111111111
2023-03-14,MSIL1C,synchronized,638.8332246793434,1414,9.182892361111112
2023-03-15,MSIL1C,synchronized,478.81955156382173,1042,5.108322222222222
2023-03-16,MSIL1C,synchronized,518.2503632381558,1115,5.462416111111112
2023-03-17,MSIL1C,synchronized,522.807212870568,1148,3.5121079166666664
2023-03-18,MSIL1C,synchronized,481.73370951320976,1033,4.885037777777778
2023-03-19,MSIL1C,synchronized,518.2762855477631,1140,4.3203812500000005
2023-03-20,MSIL1C,synchronized,507.1433329721913,1138,3.6354313888888887
2023-03-21,MSIL1C,synchronized,565.6837255042046,1250,3.8752965277777776
2023-03-22,MSIL1C,synchronized,564.779954998754,1307,5.136475555555556
2023-03-23,MSIL1C,synchronized,454.2462538247928,1032,6.849188888888889
2023-03-24,MSIL1C,synchronized,588.4851716468111,1292,5.775095972222223
2023-03-25,MSIL1C,synchronized,588.8596606254578,1292,5.008442638888889
2023-03-26,MSIL1C,synchronized,625.6101589733735,1336,4.197833888888889
2023-03-27,MSIL1C,synchronized,647.3880876805633,1426,3.92324375
2023-03-28,MSIL1C,synchronized,624.8307705195621,1360,5.373434444444445
2023-03-29,MSIL1C,synchronized,616.3121068514884,1373,4.681028333333334
2023-03-30,MSIL1C,synchronized,631.7592749400064,1429,3.9097758333333332
2023-03-31,MSIL1C,synchronized,654.8849544357508,1414,3.963165
2023-04-01,MSIL1C,synchronized,632.143266107887,1383,5.1919361111111115
2023-04-02,MSIL1C,synchronized,645.7951104193926,1445,3.5675269444444444
2023-04-03,MSIL1C,synchronized,659.2026957385242,1441,4.269267777777777
2023-04-04,MSIL1C,synchronized,574.012688354589,1284,9.97291125
2023-04-05,MSIL1C,synchronized,593.3828096250072,1368,7.142312638888889
2023-04-06,MSIL1C,synchronized,528.5473874108866,1224,5.3014979166666665
2023-04-07,MSIL1C,synchronized,672.3526601055637,1451,4.367398888888889
2023-04-08,MSIL1C,synchronized,611.7867841124535,1337,4.2063419444444445
2023-04-09,MSIL1C,synchronized,658.4022363973781,1450,4.195657222222222
2023-04-10,MSIL1C,synchronized,659.8045635186136,1433,3.945879166666667
2023-04-11,MSIL1C,synchronized,638.5131795322523,1390,5.1060725
2023-04-12,MSIL1C,synchronized,902.2690732153133,1783,5.115378888888889
2023-04-12,Unknown,deleted,0.0,387,0.0
2023-04-13,MSIL1C,synchronized,1277.6163477990776,2346,6.786612638888889
2023-04-13,Unknown,deleted,0.0,867,0.0
2023-04-14,MSIL1C,synchronized,893.9439479866996,1791,4.467040555555555
2023-04-14,Unknown,deleted,0.0,423,0.0
2023-04-15,MSIL1C,synchronized,821.1493943594396,1710,5.660599444444444
2023-04-15,Unknown,deleted,0.0,334,0.0
2023-04-16,MSIL1C,synchronized,585.6247157119215,1270,5.83024875
2023-04-16,Unknown,deleted,0.0,207,0.0
2023-04-17,MSIL1C,synchronized,736.436591106467,1568,4.105605416666666
2023-04-17,Unknown,deleted,0.0,215,0.0
2023-04-18,MSIL1C,synchronized,725.569973949343,1575,5.193731944444445
2023-04-18,Unknown,deleted,0.0,198,0.0
2023-04-19,MSIL1C,synchronized,185.57725837547332,405,3.882396388888889
2023-04-19,Unknown,deleted,0.0,67,0.0
2023-04-24,Unknown,deleted,0.0,1,0.0
2023-04-27,MSIL1C,synchronized,596.7471108492464,1367,189.94952944444444
2023-04-27,Unknown,deleted,0.0,44,0.0
2023-05-02,MSIL1C,synchronized,173.56432854011655,378,292.04774958333337
2023-05-02,Unknown,deleted,0.0,8,0.0
2023-06-11,MSIL1C,synchronized,607.6216148799285,1394,3.8094691666666667
2023-06-11,Unknown,deleted,0.0,159,0.0
2023-06-12,MSIL1C,synchronized,1089.4839464053512,2550,6.900629027777779
2023-06-13,MSIL1C,synchronized,627.0559119647369,1483,4.814838055555556
2023-06-17,MSIL1C,synchronized,1046.7506523383781,2392,40.636551527777776
2023-06-18,MSIL1C,synchronized,765.4350876230747,1762,27.340017916666667
2023-06-19,MSIL1C,synchronized,630.9591744467616,1463,18.68753138888889
2023-06-20,MSIL1C,synchronized,820.4524919372052,1836,13.776177083333334
2023-06-21,MSIL1C,synchronized,600.0560410656035,1366,10.56786097222222
2023-06-22,MSIL1C,synchronized,700.0437928792089,1555,12.123183611111111
2023-06-23,MSIL1C,synchronized,243.79732735920697,587,12.311932222222222
2023-06-24,MSIL1C,synchronized,1393.8325700573623,3187,26.924588611111112
2023-06-24,Unknown,deleted,0.0,195,0.0
2023-06-25,MSIL1C,synchronized,652.9273496614769,1474,4.820960833333334
2023-06-25,Unknown,deleted,0.0,3,0.0
2023-06-26,MSIL1C,synchronized,626.2956439619884,1417,3.3733030555555557
2023-06-26,Unknown,deleted,0.0,215,0.0
2023-06-27,MSIL1C,synchronized,628.9415058474988,1390,4.571490833333334
2023-06-27,Unknown,deleted,0.0,174,0.0
2023-06-28,MSIL1C,synchronized,698.734923071228,1500,7.319920138888889
2023-06-28,Unknown,deleted,0.0,115,0.0
2023-06-29,MSIL1C,synchronized,646.256286431104,1466,5.247385555555555
2023-06-29,Unknown,deleted,0.0,2,0.0
2023-06-30,MSIL1C,synchronized,615.4779257867485,1376,5.428831527777778
2023-06-30,Unknown,deleted,0.0,37,0.0
2023-07-01,MSIL1C,synchronized,678.3945152992383,1437,4.471073611111111
2023-07-01,Unknown,deleted,0.0,190,0.0
2023-07-02,MSIL1C,synchronized,668.4712941357866,1435,4.183950555555556
2023-07-02,Unknown,deleted,0.0,76,0.0
2023-07-03,MSIL1C,synchronized,678.8598819402978,1463,3.747280833333333
2023-07-03,Unknown,deleted,0.0,171,0.0
2023-07-04,MSIL1C,synchronized,614.3291768012568,1364,3.693159861111111
2023-07-04,Unknown,deleted,0.0,385,0.0
2023-07-05,MSIL1C,synchronized,676.7204869044945,1484,4.411796527777778
2023-07-05,Unknown,deleted,0.0,102,0.0
2023-07-06,MSIL1C,synchronized,641.6249171942472,1401,3.5628383333333336
2023-07-06,Unknown,deleted,0.0,39,0.0
2023-07-07,MSIL1C,synchronized,680.0669247489423,1460,3.935920138888889
2023-07-07,Unknown,deleted,0.0,128,0.0
2023-07-08,MSIL1C,synchronized,640.5972828939557,1465,3.5456708333333338
2023-07-08,Unknown,deleted,0.0,134,0.0
2023-07-09,MSIL1C,synchronized,643.4931525578722,1443,3.795829166666667
2023-07-09,Unknown,deleted,0.0,114,0.0
2023-07-10,MSIL1C,synchronized,820.6499498570338,1890,4.821879583333333
2023-07-10,Unknown,deleted,0.0,158,0.0
2023-07-11,MSIL1C,synchronized,653.6714816447347,1459,5.148060555555555
2023-07-11,Unknown,deleted,0.0,512,0.0
2023-07-12,MSIL1C,synchronized,620.2744758045301,1384,4.767243611111111
2023-07-12,Unknown,deleted,0.0,274,0.0
2023-07-13,MSIL1C,synchronized,507.8645280189812,1146,6.775521111111111
2023-07-13,Unknown,deleted,0.0,331,0.0
2023-07-14,MSIL1C,synchronized,557.4451519548893,1287,4.225060277777778
2023-07-14,Unknown,deleted,0.0,234,0.0
2023-07-15,MSIL1C,synchronized,631.2705521490425,1450,3.5138105555555557
2023-07-15,Unknown,deleted,0.0,164,0.0
2023-07-16,MSIL1C,synchronized,609.1639573257416,1402,3.6486784722222225
2023-07-16,Unknown,deleted,0.0,194,0.0
2023-07-18,MSIL1C,synchronized,635.6331566432491,1466,3.693020555555556
2023-07-18,Unknown,deleted,0.0,74,0.0
2023-07-19,MSIL1C,synchronized,646.4411388775334,1428,3.697326388888889
2023-07-19,Unknown,deleted,0.0,202,0.0
2023-07-20,MSIL1C,synchronized,640.012857299298,1398,5.060129027777778
2023-07-20,Unknown,deleted,0.0,193,0.0
2023-07-21,MSIL1C,synchronized,661.9001363227144,1432,4.548630277777778
2023-07-21,Unknown,deleted,0.0,219,0.0
2023-07-22,MSIL1C,synchronized,603.1867771781981,1331,3.8531388888888887
2023-07-22,Unknown,deleted,0.0,99,0.0
2023-07-23,MSIL1C,synchronized,617.4091950366274,1415,3.7135969444444448
2023-07-23,Unknown,deleted,0.0,164,0.0
2023-07-24,MSIL1C,synchronized,578.7842778367922,1316,5.054886527777778
2023-07-24,Unknown,deleted,0.0,22,0.0
2023-07-25,MSIL1C,synchronized,674.1606728788465,1461,5.404447222222222
2023-07-25,Unknown,deleted,0.0,158,0.0
2023-07-26,MSIL1C,synchronized,636.7058029137552,1399,3.5429502777777775
2023-07-26,Unknown,deleted,0.0,210,0.0
2023-07-27,MSIL1C,synchronized,555.0526590263471,1237,5.144399722222222
2023-07-27,Unknown,deleted,0.0,202,0.0
2023-07-28,MSIL1C,synchronized,638.2490811189637,1456,3.9774854166666667
2023-07-28,Unknown,deleted,0.0,58,0.0
2023-07-29,MSIL1C,synchronized,573.457663487643,1326,3.5667287500000002
2023-07-29,Unknown,deleted,0.0,365,0.0
2023-07-30,MSIL1C,synchronized,613.0219598878175,1358,4.3527425
2023-07-30,Unknown,deleted,0.0,138,0.0
2023-07-31,MSIL1C,synchronized,659.4240279197693,1456,4.364214583333334
2023-07-31,Unknown,deleted,0.0,167,0.0
2023-08-01,MSIL1C,synchronized,660.4517598999664,1444,4.039214305555555
2023-08-01,Unknown,deleted,0.0,52,0.0
2023-08-02,MSIL1C,synchronized,614.8535726731643,1423,5.034543055555555
2023-08-02,Unknown,deleted,0.0,151,0.0
2023-08-03,MSIL1C,synchronized,649.164275017567,1438,6.7645615277777775
2023-08-03,Unknown,deleted,0.0,301,0.0
2023-08-04,MSIL1C,synchronized,646.1480669723824,1480,3.8225808333333333
2023-08-04,Unknown,deleted,0.0,226,0.0
2023-08-05,MSIL1C,synchronized,608.7207236047834,1409,3.6076188888888887
2023-08-05,Unknown,deleted,0.0,5,0.0
2023-08-06,MSIL1C,synchronized,587.2693673595786,1339,4.420318611111111
2023-08-06,Unknown,deleted,0.0,276,0.0
2023-08-07,MSIL1C,synchronized,459.58330295421183,1043,6.836068611111112
2023-08-07,Unknown,deleted,0.0,6,0.0
2023-08-08,MSIL1C,synchronized,664.2506714928895,1528,6.372988333333334
2023-08-09,MSIL1C,synchronized,557.583804900758,1236,4.8710683333333336
2023-08-10,MSIL1C,synchronized,500.2809666842222,1123,5.6511088888888885
2023-08-11,MSIL1C,synchronized,583.2464085994288,1330,7.751429444444445
2023-08-12,MSIL1C,synchronized,546.3490165937692,1259,7.898316944444444
2023-08-13,MSIL1C,synchronized,461.4551321808249,1053,7.742099444444444
2023-08-14,MSIL1C,synchronized,454.4690540935844,1088,7.842183472222222
2023-08-15,MSIL1C,synchronized,488.26470368541777,1113,13.114789166666668
2023-08-16,MSIL1C,synchronized,554.7520775385201,1257,15.64290361111111
2023-08-17,MSIL1C,synchronized,569.9558221120387,1312,16.234427916666668
2023-08-18,MSIL1C,synchronized,662.0331338886172,1517,13.817984444444445
2023-08-19,MSIL1C,synchronized,587.1263515222818,1318,6.597804722222222
2023-08-20,MSIL1C,synchronized,585.5091510117054,1300,16.789903888888887
2023-08-21,MSIL1C,synchronized,887.9080946929753,1949,10.259416666666667
2023-08-20,MSIL1C,synchronized,585.5091510117054,1300,16.789903888888887
2023-08-21,MSIL1C,synchronized,887.9080946929753,1949,10.259416666666667
2023-08-22,MSIL1C,synchronized,730.7637345902622,1582,8.734884583333333
2023-08-23,MSIL1C,synchronized,771.4800949655473,1637,7.707231388888888
2023-08-23,Unknown,deleted,0.0,134,0.0
2023-08-24,MSIL1C,synchronized,544.5497419908643,1143,7.45382
2023-08-25,MSIL1C,synchronized,757.2529784962535,1667,8.284664166666667
2023-08-26,MSIL1C,synchronized,629.7307489300147,1402,6.212192222222223
2023-08-27,MSIL1C,synchronized,684.598001810722,1483,5.415395833333333
2023-08-28,MSIL1C,synchronized,664.9176461650059,1446,6.062344861111111
2023-08-29,MSIL1C,synchronized,645.4494971474633,1432,5.639482083333333
2023-08-30,MSIL1C,synchronized,607.7475217292085,1342,6.139429027777778
2023-08-31,MSIL1C,synchronized,694.2563636228442,1479,6.368453333333334
2023-09-01,MSIL1C,synchronized,647.5556355761364,1447,5.656226944444445
2023-09-02,MSIL1C,synchronized,616.0203809142113,1376,6.124632083333333
2023-09-03,MSIL1C,synchronized,666.9850075514987,1499,5.752811111111111
2023-09-04,MSIL1C,synchronized,592.4872536407784,1322,5.820472499999999
2023-09-05,MSIL1C,synchronized,620.7945919828489,1382,6.934118055555556
2023-09-06,MSIL1C,synchronized,328.69949679542333,711,7.067621944444444
2023-09-07,MSIL1C,synchronized,638.8429090976715,1555,17.476511388888888
2023-09-09,MSIL1C,synchronized,673.7094251736999,1506,8.516568194444446
2023-09-10,MSIL1C,synchronized,892.4601943455637,1946,7.988404444444445
2023-09-11,MSIL1C,synchronized,137.2879499848932,296,14.15359736111111
2023-09-13,MSIL1C,synchronized,46.23414383549243,101,49.88454194444444
2023-01-03,MSIL1C,synchronized,173.5752144884318,367,100.61010916666666
2023-01-04,MSIL1C,synchronized,17.902997879311442,36,5.182258611111111
2023-01-05,MSIL1C,synchronized,15.046786224469543,31,4.044771944444444
2023-01-06,MSIL1C,synchronized,20.543069936335087,48,5.283611944444444
2023-01-07,MSIL1C,synchronized,18.70736630540341,40,4.902042916666668
2023-01-08,MSIL1C,synchronized,17.199137713760138,34,4.061441111111112
2023-01-09,MSIL1C,synchronized,548.2618079222739,1180,167.35568333333333
2023-01-10,MSIL1C,synchronized,22.94604760967195,51,6.152416388888889
2023-01-11,MSIL1C,synchronized,1.70160202216357,4,336.42453208333336
2023-01-12,MSIL1C,synchronized,141.57131894025952,300,26.636522777777778
2023-01-13,MSIL1C,synchronized,71.64771283511072,154,4.577474722222222
2023-01-13,Unknown,deleted,0.0,2,0.0
2023-01-14,MSIL1C,synchronized,66.8415808621794,160,2.6052420833333336
2023-01-15,MSIL1C,synchronized,62.997488097287714,144,3.5367580555555556
2023-01-16,MSIL1C,synchronized,78.5679144160822,155,4.0204
2023-01-17,MSIL1C,synchronized,69.51858895085752,159,5.517871111111111
2023-01-18,MSIL1C,synchronized,3.2565457597374916,9,1.2118238888888888
2023-01-26,MSIL1C,synchronized,505.67097386717796,1057,127.08602055555555
2023-01-27,MSIL1C,synchronized,337.89778254460543,721,40.26556722222222
2023-01-29,MSIL1C,synchronized,44.10780041012913,99,51.320209444444444
2023-01-30,MSIL1C,synchronized,74.61408125888556,181,33.15332388888889
2023-01-31,MSIL1C,synchronized,102.93266803678125,227,12.664600277777778
2023-02-01,MSIL1C,synchronized,54.741583180613816,120,7.387226527777777
2023-02-02,MSIL1C,synchronized,43.88289699330926,86,10.275272916666667
2023-02-03,MSIL1C,synchronized,58.31331393588334,137,8.39795611111111
2023-02-04,MSIL1C,synchronized,43.65372046735138,102,12.92257875
2023-02-05,MSIL1C,synchronized,66.39514206070453,148,13.589526527777778
2023-02-06,MSIL1C,synchronized,71.99372888542712,150,7.595314722222222
2023-02-07,MSIL1C,synchronized,55.77117480430752,137,9.077674444444444
2023-02-08,MSIL1C,synchronized,278.8037393344566,636,6.1874223611111105
2023-02-09,MSIL1C,synchronized,162.04161056224257,379,4.464958333333334
2023-02-10,MSIL1C,synchronized,173.6170296985656,381,4.321019722222222
2023-02-11,MSIL1C,synchronized,165.72822400089353,350,4.2569125
2023-02-12,MSIL1C,synchronized,5.387714399956167,14,9.978570555555557
2023-02-13,MSIL1C,synchronized,0.2949984520673752,2,24.821579583333335
2023-02-13,Unknown,deleted,0.0,468,0.0
2023-02-15,MSIL1C,synchronized,342.17915722634643,743,45.41840555555556
2023-02-16,MSIL1C,synchronized,37.070454268716276,79,45.853673888888885
2023-02-16,Unknown,deleted,0.0,8,0.0
2023-02-17,MSIL1C,synchronized,638.8795198556036,1450,25.63319222222222
2023-02-17,Unknown,deleted,0.0,16,0.0
2023-02-18,MSIL1C,synchronized,121.19637373276055,285,3.125172777777778
2023-02-19,MSIL1C,synchronized,262.8212346667424,587,5.529679722222222
2023-02-19,Unknown,deleted,0.0,2,0.0
2023-02-20,MSIL1C,synchronized,346.41694995667785,785,6.616778888888889
2023-02-20,Unknown,deleted,0.0,3,0.0
2023-02-21,MSIL1C,synchronized,235.36680673994124,517,4.528508888888889
2023-02-21,Unknown,deleted,0.0,109,0.0
2023-02-22,MSIL1C,synchronized,274.8091092146933,587,4.7923675
2023-02-23,MSIL1C,synchronized,262.58293543197215,601,5.4082727777777775
2023-02-24,MSIL1C,synchronized,280.9449518825859,620,4.334662222222223
2023-02-25,MSIL1C,synchronized,295.4214129243046,629,9.378920833333332
2023-02-26,MSIL1C,synchronized,285.007220688276,609,7.328764166666667
2023-02-27,MSIL1C,synchronized,308.3793710982427,678,4.380927638888889
2023-02-28,MSIL1C,synchronized,311.39290132187307,684,4.269953611111111
2023-03-01,MSIL1C,synchronized,345.32631118036807,731,4.070418611111111
2023-03-02,MSIL1C,synchronized,324.66420010104775,706,5.324210277777778
2023-03-03,MSIL1C,synchronized,333.4645777475089,724,6.001050694444444
2023-03-04,MSIL1C,synchronized,284.41935904696584,640,3.1764480555555554
2023-03-05,MSIL1C,synchronized,344.53507003188133,758,5.343231666666666
2023-03-06,MSIL1C,synchronized,380.003989440389,814,4.933236666666667
2023-03-07,MSIL1C,synchronized,393.49318430386484,847,3.697729444444444
2023-03-08,MSIL1C,synchronized,376.67825815081596,856,5.499385277777778
2023-03-09,MSIL1C,synchronized,414.16007633693516,934,6.753603194444445
2023-03-10,MSIL1C,synchronized,392.1980916960165,868,4.289567638888888
2023-03-11,MSIL1C,synchronized,451.30520718265325,964,4.713261805555556
2023-03-12,MSIL1C,synchronized,440.7793227080256,989,6.3504958333333335
2023-03-13,MSIL1C,synchronized,248.93518655374646,576,5.81177111111111
2023-03-14,MSIL1C,synchronized,638.8332246793434,1414,9.182892361111112
2023-03-15,MSIL1C,synchronized,478.81955156382173,1042,5.108322222222222
2023-03-16,MSIL1C,synchronized,518.2503632381558,1115,5.462416111111112
2023-03-17,MSIL1C,synchronized,522.807212870568,1148,3.5121079166666664
2023-03-18,MSIL1C,synchronized,481.73370951320976,1033,4.885037777777778
2023-03-19,MSIL1C,synchronized,518.2762855477631,1140,4.3203812500000005
2023-03-20,MSIL1C,synchronized,507.1433329721913,1138,3.6354313888888887
2023-03-21,MSIL1C,synchronized,565.6837255042046,1250,3.8752965277777776
2023-03-22,MSIL1C,synchronized,564.779954998754,1307,5.136475555555556
2023-03-23,MSIL1C,synchronized,454.2462538247928,1032,6.849188888888889
2023-03-24,MSIL1C,synchronized,588.4851716468111,1292,5.775095972222223
2023-03-25,MSIL1C,synchronized,588.8596606254578,1292,5.008442638888889
2023-03-26,MSIL1C,synchronized,625.6101589733735,1336,4.197833888888889
2023-03-27,MSIL1C,synchronized,647.3880876805633,1426,3.92324375
2023-03-28,MSIL1C,synchronized,624.8307705195621,1360,5.373434444444445
2023-03-29,MSIL1C,synchronized,616.3121068514884,1373,4.681028333333334
2023-03-30,MSIL1C,synchronized,631.7592749400064,1429,3.9097758333333332
2023-03-31,MSIL1C,synchronized,654.8849544357508,1414,3.963165
2023-04-01,MSIL1C,synchronized,632.143266107887,1383,5.1919361111111115
2023-04-02,MSIL1C,synchronized,645.7951104193926,1445,3.5675269444444444
2023-04-03,MSIL1C,synchronized,659.2026957385242,1441,4.269267777777777
2023-04-04,MSIL1C,synchronized,574.012688354589,1284,9.97291125
2023-04-05,MSIL1C,synchronized,593.3828096250072,1368,7.142312638888889
2023-04-06,MSIL1C,synchronized,528.5473874108866,1224,5.3014979166666665
2023-04-07,MSIL1C,synchronized,672.3526601055637,1451,4.367398888888889
2023-04-08,MSIL1C,synchronized,611.7867841124535,1337,4.2063419444444445
2023-04-09,MSIL1C,synchronized,658.4022363973781,1450,4.195657222222222
2023-04-10,MSIL1C,synchronized,659.8045635186136,1433,3.945879166666667
2023-04-11,MSIL1C,synchronized,638.5131795322523,1390,5.1060725
2023-04-12,MSIL1C,synchronized,902.2690732153133,1783,5.115378888888889
2023-04-12,Unknown,deleted,0.0,387,0.0
2023-04-13,MSIL1C,synchronized,1277.6163477990776,2346,6.786612638888889
2023-04-13,Unknown,deleted,0.0,867,0.0
2023-04-14,MSIL1C,synchronized,893.9439479866996,1791,4.467040555555555
2023-04-14,Unknown,deleted,0.0,423,0.0
2023-04-15,MSIL1C,synchronized,821.1493943594396,1710,5.660599444444444
2023-04-15,Unknown,deleted,0.0,334,0.0
2023-04-16,MSIL1C,synchronized,585.6247157119215,1270,5.83024875
2023-04-16,Unknown,deleted,0.0,207,0.0
2023-04-17,MSIL1C,synchronized,736.436591106467,1568,4.105605416666666
2023-04-17,Unknown,deleted,0.0,215,0.0
2023-04-18,MSIL1C,synchronized,725.569973949343,1575,5.193731944444445
2023-04-18,Unknown,deleted,0.0,198,0.0
2023-04-19,MSIL1C,synchronized,185.57725837547332,405,3.882396388888889
2023-04-19,Unknown,deleted,0.0,67,0.0
2023-04-24,Unknown,deleted,0.0,1,0.0
2023-04-27,MSIL1C,synchronized,596.7471108492464,1367,189.94952944444444
2023-04-27,Unknown,deleted,0.0,44,0.0
2023-05-02,MSIL1C,synchronized,173.56432854011655,378,292.04774958333337
2023-05-02,Unknown,deleted,0.0,8,0.0
2023-05-05,MSIL1C,synchronized,581.4188429070637,1310,354.75992249999996
2023-05-05,Unknown,deleted,0.0,9,0.0
2023-05-25,MSIL1C,synchronized,2171.493173719384,5013,99.28756999999999
2023-05-25,Unknown,deleted,0.0,61,0.0
2023-05-26,MSIL1C,synchronized,2554.814573415555,5948,38.631089583333335
2023-05-26,Unknown,deleted,0.0,42,0.0
2023-05-27,MSIL1C,synchronized,620.922072079964,1417,4.134399166666666
2023-05-27,Unknown,deleted,0.0,426,0.0
2023-05-28,MSIL1C,synchronized,607.2686258079484,1378,3.905408472222222
2023-05-28,Unknown,deleted,0.0,56,0.0
2023-05-29,MSIL1C,synchronized,683.8387987380847,1570,3.72375375
2023-05-29,Unknown,deleted,0.0,134,0.0
2023-05-30,MSIL1C,synchronized,682.9857760667801,1562,4.8960043055555555
2023-05-30,Unknown,deleted,0.0,145,0.0
2023-05-31,MSIL1C,synchronized,599.0582863157615,1411,4.528199444444445
2023-05-31,Unknown,deleted,0.0,211,0.0
2023-06-01,MSIL1C,synchronized,596.0714744031429,1356,6.981861111111112
2023-06-01,Unknown,deleted,0.0,151,0.0
2023-06-02,MSIL1C,synchronized,629.566691396758,1440,3.778655277777778
2023-06-02,Unknown,deleted,0.0,56,0.0
2023-06-03,MSIL1C,synchronized,612.2047850778326,1446,3.558050416666667
2023-06-03,Unknown,deleted,0.0,52,0.0
2023-06-04,MSIL1C,synchronized,600.7152658859268,1410,5.268232638888889
2023-06-04,Unknown,deleted,0.0,220,0.0
2023-06-05,MSIL1C,synchronized,660.0840574577451,1489,4.767625277777778
2023-06-05,Unknown,deleted,0.0,198,0.0
2023-06-06,MSIL1C,synchronized,629.1415457371622,1416,3.5513851388888886
2023-06-06,Unknown,deleted,0.0,85,0.0
2023-06-07,MSIL1C,synchronized,629.7167107695714,1457,4.548396388888889
2023-06-07,Unknown,deleted,0.0,150,0.0
2023-06-08,MSIL1C,synchronized,625.8080827910453,1466,3.68154
2023-06-08,Unknown,deleted,0.0,320,0.0
2023-06-09,MSIL1C,synchronized,604.2919467510656,1358,4.237791944444444
2023-06-09,Unknown,deleted,0.0,189,0.0
2023-06-10,MSIL1C,synchronized,584.4060025662184,1330,4.299890972222222
2023-06-10,Unknown,deleted,0.0,155,0.0
2023-06-11,MSIL1C,synchronized,607.6216148799285,1394,3.8094691666666667
2023-06-11,Unknown,deleted,0.0,159,0.0
2023-06-12,MSIL1C,synchronized,1089.4839464053512,2550,6.900629027777779
2023-06-13,MSIL1C,synchronized,627.0559119647369,1483,4.814838055555556
2023-06-14,MSIL1C,synchronized,568.8022122336552,1320,4.3954225000000005
2023-06-17,MSIL1C,synchronized,1046.7506523383781,2392,40.636551527777776
2023-06-18,MSIL1C,synchronized,765.4350876230747,1762,27.340017916666667
2023-06-19,MSIL1C,synchronized,630.9591744467616,1463,18.68753138888889
2023-06-20,MSIL1C,synchronized,820.4524919372052,1836,13.776177083333334
2023-06-21,MSIL1C,synchronized,600.0560410656035,1366,10.56786097222222
2023-06-22,MSIL1C,synchronized,700.0437928792089,1555,12.123183611111111
2023-06-23,MSIL1C,synchronized,243.79732735920697,587,12.311932222222222
2023-06-24,MSIL1C,synchronized,1393.8325700573623,3187,26.924588611111112
2023-06-24,Unknown,deleted,0.0,195,0.0
2023-06-25,MSIL1C,synchronized,652.9273496614769,1474,4.820960833333334
2023-06-25,Unknown,deleted,0.0,3,0.0
2023-06-26,MSIL1C,synchronized,626.2956439619884,1417,3.3733030555555557
2023-06-26,Unknown,deleted,0.0,215,0.0
2023-06-27,MSIL1C,synchronized,628.9415058474988,1390,4.571490833333334
2023-06-27,Unknown,deleted,0.0,174,0.0
2023-06-28,MSIL1C,synchronized,698.734923071228,1500,7.319920138888889
2023-06-28,Unknown,deleted,0.0,115,0.0
2023-06-29,MSIL1C,synchronized,646.256286431104,1466,5.247385555555555
2023-06-29,Unknown,deleted,0.0,2,0.0
2023-06-30,MSIL1C,synchronized,615.4779257867485,1376,5.428831527777778
2023-06-30,Unknown,deleted,0.0,37,0.0
2023-07-01,MSIL1C,synchronized,678.3945152992383,1437,4.471073611111111
2023-07-01,Unknown,deleted,0.0,190,0.0
2023-07-02,MSIL1C,synchronized,668.4712941357866,1435,4.183950555555556
2023-07-02,Unknown,deleted,0.0,76,0.0
2023-07-03,MSIL1C,synchronized,678.8598819402978,1463,3.747280833333333
2023-07-03,Unknown,deleted,0.0,171,0.0
2023-07-04,MSIL1C,synchronized,614.3291768012568,1364,3.693159861111111
2023-07-04,Unknown,deleted,0.0,385,0.0
2023-07-05,MSIL1C,synchronized,676.7204869044945,1484,4.411796527777778
2023-07-05,Unknown,deleted,0.0,102,0.0
2023-07-06,MSIL1C,synchronized,641.6249171942472,1401,3.5628383333333336
2023-07-06,Unknown,deleted,0.0,39,0.0
2023-07-07,MSIL1C,synchronized,680.0669247489423,1460,3.935920138888889
2023-07-07,Unknown,deleted,0.0,128,0.0
2023-07-08,MSIL1C,synchronized,640.5972828939557,1465,3.5456708333333338
2023-07-08,Unknown,deleted,0.0,134,0.0
2023-07-09,MSIL1C,synchronized,643.4931525578722,1443,3.795829166666667
2023-07-09,Unknown,deleted,0.0,114,0.0
2023-07-10,MSIL1C,synchronized,820.6499498570338,1890,4.821879583333333
2023-07-10,Unknown,deleted,0.0,158,0.0
2023-07-11,MSIL1C,synchronized,653.6714816447347,1459,5.148060555555555
2023-07-11,Unknown,deleted,0.0,512,0.0
2023-07-12,MSIL1C,synchronized,620.2744758045301,1384,4.767243611111111
2023-07-12,Unknown,deleted,0.0,274,0.0
2023-07-13,MSIL1C,synchronized,507.8645280189812,1146,6.775521111111111
2023-07-13,Unknown,deleted,0.0,331,0.0
2023-07-14,MSIL1C,synchronized,557.4451519548893,1287,4.225060277777778
2023-07-14,Unknown,deleted,0.0,234,0.0
2023-07-15,MSIL1C,synchronized,631.2705521490425,1450,3.5138105555555557
2023-07-15,Unknown,deleted,0.0,164,0.0
2023-07-16,MSIL1C,synchronized,609.1639573257416,1402,3.6486784722222225
2023-07-16,Unknown,deleted,0.0,194,0.0
2023-07-17,MSIL1C,synchronized,564.5200894307345,1262,4.333483194444444
2023-07-17,Unknown,deleted,0.0,65,0.0
2023-07-18,MSIL1C,synchronized,635.6331566432491,1466,3.693020555555556
2023-07-18,Unknown,deleted,0.0,74,0.0
2023-07-19,MSIL1C,synchronized,646.4411388775334,1428,3.697326388888889
2023-07-19,Unknown,deleted,0.0,202,0.0
2023-07-20,MSIL1C,synchronized,640.012857299298,1398,5.060129027777778
2023-07-20,Unknown,deleted,0.0,193,0.0
2023-07-21,MSIL1C,synchronized,661.9001363227144,1432,4.548630277777778
2023-07-21,Unknown,deleted,0.0,219,0.0
2023-07-22,MSIL1C,synchronized,603.1867771781981,1331,3.8531388888888887
2023-07-22,Unknown,deleted,0.0,99,0.0
2023-07-23,MSIL1C,synchronized,617.4091950366274,1415,3.7135969444444448
2023-07-23,Unknown,deleted,0.0,164,0.0
2023-07-24,MSIL1C,synchronized,578.7842778367922,1316,5.054886527777778
2023-07-24,Unknown,deleted,0.0,22,0.0
2023-07-25,MSIL1C,synchronized,674.1606728788465,1461,5.404447222222222
2023-07-25,Unknown,deleted,0.0,158,0.0
2023-07-26,MSIL1C,synchronized,636.7058029137552,1399,3.5429502777777775
2023-07-26,Unknown,deleted,0.0,210,0.0
2023-07-27,MSIL1C,synchronized,555.0526590263471,1237,5.144399722222222
2023-07-27,Unknown,deleted,0.0,202,0.0
2023-07-28,MSIL1C,synchronized,638.2490811189637,1456,3.9774854166666667
2023-07-28,Unknown,deleted,0.0,58,0.0
2023-07-29,MSIL1C,synchronized,573.457663487643,1326,3.5667287500000002
2023-07-29,Unknown,deleted,0.0,365,0.0
2023-07-30,MSIL1C,synchronized,613.0219598878175,1358,4.3527425
2023-07-30,Unknown,deleted,0.0,138,0.0
2023-07-31,MSIL1C,synchronized,659.4240279197693,1456,4.364214583333334
2023-07-31,Unknown,deleted,0.0,167,0.0
2023-08-01,MSIL1C,synchronized,660.4517598999664,1444,4.039214305555555
2023-08-01,Unknown,deleted,0.0,52,0.0
2023-08-02,MSIL1C,synchronized,614.8535726731643,1423,5.034543055555555
2023-08-02,Unknown,deleted,0.0,151,0.0
2023-08-03,MSIL1C,synchronized,649.164275017567,1438,6.7645615277777775
2023-08-03,Unknown,deleted,0.0,301,0.0
2023-08-04,MSIL1C,synchronized,646.1480669723824,1480,3.8225808333333333
2023-08-04,Unknown,deleted,0.0,226,0.0
2023-08-05,MSIL1C,synchronized,608.7207236047834,1409,3.6076188888888887
2023-08-05,Unknown,deleted,0.0,5,0.0
2023-08-06,MSIL1C,synchronized,587.2693673595786,1339,4.420318611111111
2023-08-06,Unknown,deleted,0.0,276,0.0
2023-08-07,MSIL1C,synchronized,459.58330295421183,1043,6.836068611111112
2023-08-07,Unknown,deleted,0.0,6,0.0
2023-08-08,MSIL1C,synchronized,664.2506714928895,1528,6.372988333333334
2023-08-09,MSIL1C,synchronized,557.583804900758,1236,4.8710683333333336
2023-08-10,MSIL1C,synchronized,500.2809666842222,1123,5.6511088888888885
2023-08-11,MSIL1C,synchronized,583.2464085994288,1330,7.751429444444445
2023-08-12,MSIL1C,synchronized,546.3490165937692,1259,7.898316944444444
2023-08-13,MSIL1C,synchronized,461.4551321808249,1053,7.742099444444444
2023-08-14,MSIL1C,synchronized,454.4690540935844,1088,7.842183472222222
2023-08-15,MSIL1C,synchronized,488.26470368541777,1113,13.114789166666668
2023-08-16,MSIL1C,synchronized,554.7520775385201,1257,15.64290361111111
2023-08-17,MSIL1C,synchronized,569.9558221120387,1312,16.234427916666668
2023-08-18,MSIL1C,synchronized,662.0331338886172,1517,13.817984444444445
2023-08-19,MSIL1C,synchronized,587.1263515222818,1318,6.597804722222222
2023-08-20,MSIL1C,synchronized,585.5091510117054,1300,16.789903888888887
2023-08-21,MSIL1C,synchronized,887.9080946929753,1949,10.259416666666667
2023-08-22,MSIL1C,synchronized,730.7637345902622,1582,8.734884583333333
2023-08-23,MSIL1C,synchronized,771.4800949655473,1637,7.707231388888888
2023-08-23,Unknown,deleted,0.0,134,0.0
2023-08-24,MSIL1C,synchronized,544.5497419908643,1143,7.45382
2023-08-25,MSIL1C,synchronized,757.2529784962535,1667,8.284664166666667
2023-08-26,MSIL1C,synchronized,629.7307489300147,1402,6.212192222222223
2023-08-27,MSIL1C,synchronized,684.598001810722,1483,5.415395833333333
2023-08-28,MSIL1C,synchronized,664.9176461650059,1446,6.062344861111111
2023-08-29,MSIL1C,synchronized,645.4494971474633,1432,5.639482083333333
2023-08-30,MSIL1C,synchronized,607.7475217292085,1342,6.139429027777778
2023-08-31,MSIL1C,synchronized,694.2563636228442,1479,6.368453333333334
2023-09-01,MSIL1C,synchronized,647.5556355761364,1447,5.656226944444445
2023-09-02,MSIL1C,synchronized,616.0203809142113,1376,6.124632083333333
2023-09-03,MSIL1C,synchronized,666.9850075514987,1499,5.752811111111111
2023-09-04,MSIL1C,synchronized,592.4872536407784,1322,5.820472499999999
2023-09-05,MSIL1C,synchronized,620.7945919828489,1382,6.934118055555556
2023-09-06,MSIL1C,synchronized,328.69949679542333,711,7.067621944444444
2023-09-07,MSIL1C,synchronized,638.8429090976715,1555,17.476511388888888
2023-09-08,MSIL1C,synchronized,671.9872004315257,1497,15.048876111111111
2023-09-09,MSIL1C,synchronized,673.7094251736999,1506,8.516568194444446
2023-09-10,MSIL1C,synchronized,892.4601943455637,1946,7.988404444444445
2023-09-11,MSIL1C,synchronized,137.2879499848932,296,14.15359736111111
2023-09-12,MSIL1C,synchronized,517.0317614888772,1176,14.726051527777777
2023-09-12,Unknown,deleted,0.0,45,0.0
2023-09-13,MSIL1C,synchronized,46.23414383549243,101,49.88454194444444
2023-09-14,MSIL1C,synchronized,1125.9241566220298,2449,38.924841666666666
2023-09-15,MSIL1C,synchronized,838.372119651176,1837,21.331374999999998
2023-09-15,Unknown,deleted,0.0,1,0.0
2023-09-18,MSIL1C,synchronized,1504.2335489867255,3339,28.344580277777776
2023-09-18,Unknown,deleted,0.0,80,0.0
2023-09-19,MSIL1C,synchronized,590.4822802180424,1300,13.6296725
2023-09-20,MSIL1C,synchronized,592.0884509347379,1288,14.081048611111111
2023-09-20,Unknown,deleted,0.0,7,0.0
2023-09-21,MSIL1C,synchronized,890.8492336906493,1958,8.693025138888888
2023-09-21,Unknown,deleted,0.0,98,0.0
2023-09-22,MSIL1C,synchronized,113.97588083334267,237,17.527785833333333
2023-09-22,Unknown,deleted,0.0,15,0.0
2023-09-23,MSIL1C,synchronized,577.5512909768149,1278,17.11231138888889
2023-09-23,Unknown,deleted,0.0,22,0.0
2023-09-24,MSIL1C,synchronized,921.4189949184656,2019,13.140694166666668
2023-09-24,Unknown,deleted,0.0,96,0.0
2023-10-06,MSIL1C,synchronized,369.4813672238961,824,3.9976445833333334
2023-10-06,Unknown,deleted,0.0,439,0.0
2023-10-07,MSIL1C,synchronized,367.5450346823782,810,4.253057222222222
2023-10-07,Unknown,deleted,0.0,85,0.0
2023-10-08,MSIL1C,synchronized,351.75476937927306,817,4.4590555555555556
2023-10-08,Unknown,deleted,0.0,200,0.0
2023-10-09,MSIL1C,synchronized,333.9507426423952,732,3.1934740277777776
2023-10-09,Unknown,deleted,0.0,51,0.0
2023-10-10,MSIL1C,synchronized,343.40617495402694,754,3.7071766666666663
2023-10-10,Unknown,deleted,0.0,369,0.0
2023-10-11,MSIL1C,synchronized,297.38201543688774,716,3.1645336111111115
2023-10-11,Unknown,deleted,0.0,22,0.0
2023-10-12,MSIL1C,synchronized,332.26833388302475,725,4.126524166666666
2023-10-12,Unknown,deleted,0.0,22,0.0
2023-10-13,MSIL1C,synchronized,319.58986048493534,689,3.731497777777778
2023-10-13,Unknown,deleted,0.0,182,0.0
2023-10-14,MSIL1C,synchronized,277.32972318213433,620,4.184871527777778
2023-10-14,Unknown,deleted,0.0,1,0.0
2023-10-15,MSIL1C,synchronized,286.573241064325,653,3.2169116666666664
2023-10-15,Unknown,deleted,0.0,14,0.0
2023-10-16,MSIL1C,synchronized,281.73443032894284,626,3.2515469444444447
2023-10-16,Unknown,deleted,0.0,30,0.0
2023-10-17,MSIL1C,synchronized,288.0942174606025,629,3.626714166666667
2023-10-17,Unknown,deleted,0.0,28,0.0
2023-10-18,MSIL1C,synchronized,262.2760810945183,589,4.350323055555556
2023-10-18,Unknown,deleted,0.0,16,0.0
2023-10-19,MSIL1C,synchronized,236.1503164814785,539,3.8054316666666668
2023-10-19,Unknown,deleted,0.0,99,0.0
2023-10-20,MSIL1C,synchronized,266.0056404862553,568,3.875427777777778
2023-10-20,Unknown,deleted,0.0,25,0.0
2023-10-21,MSIL1C,synchronized,249.00335231609643,551,3.101995
2023-10-21,Unknown,deleted,0.0,81,0.0
2023-10-22,MSIL1C,synchronized,236.1466154549271,520,3.555185555555555
2023-10-22,Unknown,deleted,0.0,138,0.0
2023-10-25,MSIL1C,synchronized,211.38462334126234,440,3.908087083333333
2023-10-25,Unknown,deleted,0.0,53,0.0
2023-10-30,MSIL1C,synchronized,798.241473607719,1712,47.67421152777778
2023-10-30,Unknown,deleted,0.0,80,0.0
2023-10-31,MSIL1C,synchronized,188.09000277146697,402,3.0363944444444444
2023-10-31,Unknown,deleted,0.0,36,0.0
2023-11-01,MSIL1C,synchronized,176.0764543702826,385,3.7580299999999998
2023-11-01,Unknown,deleted,0.0,55,0.0
2023-11-02,MSIL1C,synchronized,169.7894121389836,368,7.150638333333333
2023-11-02,Unknown,deleted,0.0,6,0.0
2023-11-05,MSIL1C,synchronized,139.91168609820306,326,4.59018
2023-11-05,MSIL1C,synchronized,139.91168609820306,326,4.59018
2023-11-06,MSIL1C,synchronized,86.82547206897289,190,5.3370887499999995
2023-11-07,MSIL1C,synchronized,151.68187400512397,333,3.2582533333333332
2023-11-08,MSIL1C,synchronized,125.74768277257681,267,3.945382777777778
2023-11-09,MSIL1C,synchronized,132.56406830064952,288,4.717263055555556
2023-11-10,MSIL1C,synchronized,128.96451186109334,296,5.129272916666666
2023-11-11,MSIL1C,synchronized,117.31396157667041,254,4.381448194444444
2023-11-12,MSIL1C,synchronized,127.73374741710722,262,3.6695127777777774
2023-11-13,MSIL1C,synchronized,115.66011219844222,261,3.192290277777778
2023-11-14,MSIL1C,synchronized,114.1275871116668,251,3.649972222222222
2023-11-15,MSIL1C,synchronized,111.30504964664578,234,3.701654722222222
2023-11-16,MSIL1C,synchronized,110.09851375874132,227,3.1598302777777776
2023-11-17,MSIL1C,synchronized,112.7525687860325,229,6.009296944444444
2023-11-18,MSIL1C,synchronized,96.39433543104678,192,6.790357222222222
2023-11-20,MSIL1C,synchronized,101.27733483351767,209,18.964206666666666
2023-11-21,MSIL1C,synchronized,93.75601005461067,200,29.33675138888889
