2021-10-15,MSIL2A,synchronized,7557.418091517873,13419,221.08066083333333
2021-10-15,Unknown,deleted,0.0,13,0.0
2021-10-16,MSIL2A,synchronized,413.8300585830584,736,7.353691111111111
2021-10-17,MSIL2A,synchronized,353.8409555219114,619,6.433804722222222
2021-10-18,MSIL2A,synchronized,334.9861643332988,590,5.357094027777778
2021-10-19,MSIL2A,synchronized,289.18392541538924,519,5.483891666666667
2021-10-20,MSIL2A,synchronized,320.8724499810487,586,2.906271527777778
2021-10-21,MSIL2A,synchronized,313.1233508065343,558,4.8168605555555555
2021-10-22,MSIL2A,synchronized,273.19995048083365,479,4.6424891666666666
2021-10-23,MSIL2A,synchronized,293.74191701132804,512,4.0479859722222225
2021-10-24,MSIL2A,synchronized,286.7685501044616,493,4.673661388888889
2021-10-25,MSIL2A,synchronized,274.5452466066927,487,5.795402222222222
2021-10-26,MSIL2A,synchronized,248.7234487021342,443,5.650269166666667
2021-10-26,Unknown,deleted,0.0,1,0.0
2021-10-27,MSIL2A,synchronized,254.59868531581014,453,5.607560277777778
2021-10-28,MSIL2A,synchronized,263.0450878329575,445,5.248980277777778
2021-10-28,Unknown,deleted,0.0,1,0.0
2021-10-29,MSIL2A,synchronized,215.5731573011726,386,3.4072206944444448
2021-10-30,MSIL2A,synchronized,235.68443509563804,429,2.946090555555555
2021-10-31,MSIL2A,synchronized,232.3232241468504,409,3.9766391666666667
2021-11-01,MSIL2A,synchronized,218.55736410152167,380,5.427669722222222
2021-11-02,MSIL2A,synchronized,214.4895249977708,377,8.857205277777778
2021-11-03,MSIL2A,synchronized,203.64462378807366,359,7.309874166666666
2021-11-04,MSIL2A,synchronized,150.83165513258427,274,4.9136243055555555
2021-11-05,MSIL2A,synchronized,169.345319240354,299,3.322735833333333
2021-11-06,MSIL2A,synchronized,164.69246372766793,293,4.700736944444444
2021-11-07,MSIL2A,fscanner,4145.56487435475,7231,3290.0547841666666
2021-11-07,MSIL2A,synchronized,196.7807463714853,336,3.869074861111111
2021-11-08,MSIL2A,fscanner,3687.0806885836646,6478,3286.5177630555554
2021-11-08,MSIL2A,synchronized,139.68877354450524,230,4.357135138888889
2021-11-09,MSIL2A,fscanner,1205.6621047807857,2139,3354.5620575
2021-11-09,MSIL2A,synchronized,172.03469008859247,304,3.61431125
2021-11-10,MSIL2A,synchronized,191.3200376778841,344,5.336604166666667
2021-11-11,MSIL2A,fscanner,4464.205379817635,8022,3195.91661625
2021-11-11,MSIL2A,synchronized,66.85731111373752,114,2.247013611111111
2021-11-12,MSIL2A,fscanner,3392.514484732412,6203,3231.795448888889
2021-11-12,MSIL2A,synchronized,233.2129088593647,400,6.392297083333333
2021-11-13,MSIL2A,fscanner,3191.0277070393786,5767,3298.271463333333
2021-11-13,MSIL2A,synchronized,44.36324205528945,76,6.174154722222222
2021-11-14,MSIL2A,fscanner,3180.181883308105,5779,3265.1393052777776
2021-11-14,MSIL2A,synchronized,32.7447814065963,64,20.488228055555556
2021-11-15,MSIL2A,fscanner,2705.482621392235,4888,3318.262726388889
2021-11-15,MSIL2A,synchronized,89.94813005346805,159,45.645633333333336
2021-11-16,MSIL2A,fscanner,2372.7298251846805,4363,3338.1172383333333
2021-11-16,MSIL2A,synchronized,279.54436034336686,488,40.39171708333333
2021-11-16,Unknown,deleted,0.0,2,0.0
2021-11-17,MSIL2A,fscanner,2199.26145173423,3994,3339.336376944444
2021-11-17,MSIL2A,synchronized,265.5451993988827,464,7.312340833333334
2021-11-18,MSIL2A,fscanner,305.01696707494557,569,3328.0685527777773
2021-11-18,Unknown,deleted,0.0,1,0.0
2021-11-19,MSIL2A,fscanner,7597.1175158834085,13458,1592.4212677777778
2021-11-19,MSIL2A,synchronized,148.4632322061807,265,24.605926944444445
2021-11-19,Unknown,deleted,0.0,11,0.0
2021-11-20,MSIL2A,fscanner,1108.6112407874316,1960,1594.2250381944446
2021-11-20,MSIL2A,synchronized,45.86698431055993,91,18.981167499999998
2021-11-21,MSIL2A,synchronized,45.12124075740576,76,42.73427388888889
2021-11-22,MSIL2A,fscanner,416.0568129597232,738,2334.288290694444
2021-11-22,MSIL2A,synchronized,117.47660558391362,208,51.50022208333333
2021-11-22,Unknown,deleted,0.0,2,0.0
2021-11-23,MSIL2A,synchronized,108.35226327367127,173,6.337884444444444
2021-11-23,Unknown,deleted,0.0,4,0.0
2021-11-24,MSIL2A,fscanner,2228.6209676349536,3777,6746.620641666666
2021-11-24,MSIL2A,synchronized,106.57119197025895,179,5.6676424999999995
2021-11-25,MSIL2A,synchronized,95.28528450708836,157,4.856543055555556
2021-11-26,MSIL2A,synchronized,93.16045937687159,176,7.045799305555555
2021-11-27,MSIL2A,synchronized,99.33653886336833,191,5.694792777777778
2021-11-28,MSIL2A,synchronized,88.55635796766728,162,3.0899111111111113
2021-11-29,MSIL2A,fscanner,1773.3195933252573,3324,6045.943778611111
2021-11-29,MSIL2A,synchronized,91.30002017877996,176,3.965361805555556
2021-11-30,MSIL2A,fscanner,4855.116850367747,8464,6117.863928611111
2021-11-30,MSIL2A,synchronized,84.27531027048826,150,6.586142916666667
2021-12-01,MSIL2A,synchronized,82.22870543319732,138,5.084977361111111
2021-12-02,MSIL2A,synchronized,88.75314529519528,147,4.650460833333333
2021-12-03,MSIL2A,fscanner,3234.5675895055756,5794,5593.404619999999
2021-12-03,MSIL2A,synchronized,73.81187181267887,124,7.195123055555555
2021-12-04,MSIL2A,synchronized,80.79771047551185,139,4.729308333333333
2021-12-05,MSIL2A,synchronized,82.30655373167247,137,5.63707111111111
2021-12-06,MSIL2A,fscanner,5254.239060561173,9094,5644.626198194444
2021-12-06,MSIL2A,synchronized,71.47298261336982,114,6.635432916666666
2021-12-07,MSIL2A,fscanner,966.2959944494069,1713,5674.917415277778
2021-12-07,MSIL2A,synchronized,81.91078968252987,150,5.436862361111111
2021-12-08,MSIL2A,fscanner,1062.6445578373969,1975,4978.8853733333335
2021-12-08,MSIL2A,synchronized,71.04148535896093,128,5.155882222222223
2021-12-09,MSIL2A,fscanner,2463.0599512588233,4497,4984.159934444444
2021-12-09,MSIL2A,synchronized,10.742534339427948,25,1.8281933333333333
2021-12-10,MSIL2A,synchronized,40.37849401682615,78,21.907629583333332
2021-12-10,Unknown,deleted,0.0,16,0.0
2021-12-13,MSIL2A,synchronized,86.35219695512205,150,22.80889986111111
2021-12-14,MSIL2A,synchronized,53.78373480401933,97,4.907504444444444
2021-12-15,MSIL2A,synchronized,65.11196425743401,118,4.182096388888889
2021-12-16,MSIL2A,synchronized,60.552235674113035,102,4.9032558333333345
2021-12-17,MSIL2A,synchronized,66.91815117187798,106,5.290569583333333
2021-12-18,MSIL2A,synchronized,61.861703171394765,111,4.742377222222222
2021-12-19,MSIL2A,synchronized,64.72650435566902,111,6.723161388888889
2021-12-20,MSIL2A,fscanner,12664.09136381466,22625,4920.636414722222
2021-12-20,MSIL2A,synchronized,58.29038394801319,90,6.395416111111111
2021-12-21,MSIL2A,fscanner,6927.8891243338585,12250,4537.993661388889
2021-12-21,MSIL2A,synchronized,64.68033798504621,106,5.9357331944444445
2021-12-22,MSIL2A,fscanner,4984.786808077246,8964,4367.496301944444
2021-12-22,MSIL2A,synchronized,63.38411428499967,107,6.8203825
2021-12-23,MSIL2A,fscanner,10119.877114959061,18064,3958.357613472222
2021-12-23,MSIL2A,synchronized,49.5519142486155,87,6.5015913888888885
2021-12-24,MSIL2A,synchronized,63.19444689899683,100,6.231286944444444
2021-12-25,MSIL2A,synchronized,70.32813246641308,111,5.359981944444445
2021-12-26,MSIL2A,synchronized,59.42939387727529,95,6.768222499999999
2021-12-27,MSIL2A,fscanner,12352.312248338945,22142,3171.832341666667
2021-12-27,MSIL2A,synchronized,69.61199841741472,118,5.8142481944444455
2021-12-28,MSIL2A,fscanner,4787.192723586224,8739,2542.8349741666666
2021-12-28,MSIL2A,synchronized,63.66534598916769,112,5.228035972222222
2021-12-29,MSIL2A,synchronized,59.597816607914865,113,6.156084444444444
2021-12-30,MSIL2A,synchronized,50.42329390719533,90,6.254369861111111
2021-12-31,MSIL2A,synchronized,61.40681857056916,113,6.1038347222222225
2022-01-01,MSIL2A,synchronized,64.93426610901952,111,3.6398283333333334
2022-01-02,MSIL2A,synchronized,60.74777143355459,101,4.503719444444444
2022-01-03,MSIL2A,synchronized,71.9274007435888,120,4.8452970833333335
2022-01-04,MSIL2A,synchronized,70.23680724576116,125,5.299045555555555
2022-01-05,MSIL2A,synchronized,69.6392413964495,108,6.054892638888889
2022-01-06,MSIL2A,synchronized,83.00827617291361,151,6.423064722222222
2022-01-07,MSIL2A,fscanner,4750.776655179448,8341,10803.9324725
2022-01-07,MSIL2A,synchronized,79.00209289137274,132,5.13083
2022-01-08,MSIL2A,synchronized,78.96936164330691,145,5.462063888888889
2022-01-09,MSIL2A,synchronized,69.23987213894725,132,4.73942375
2022-01-10,MSIL2A,fscanner,16667.67771501094,29420,11903.358160694443
2022-01-10,MSIL2A,synchronized,80.53748490847647,140,5.432133333333333
2022-01-11,MSIL2A,fscanner,19529.239457216114,36057,12900.972052222221
2022-01-11,MSIL2A,synchronized,94.850800213404,156,6.111035277777778
2022-01-12,MSIL2A,fscanner,13699.627400222234,24469,13822.013413333334
2022-01-12,MSIL2A,synchronized,82.88314095977694,142,6.277482361111111
2022-01-13,MSIL2A,fscanner,20518.660292998888,37085,14806.839611666666
2022-01-13,MSIL2A,synchronized,87.88970855623484,150,6.3701025
2022-01-14,MSIL2A,fscanner,6464.621568196453,11673,16267.983206388888
2022-01-14,MSIL2A,synchronized,97.0874113123864,158,6.110313333333333
2022-01-15,MSIL2A,synchronized,93.53661475330591,157,5.578556388888889
2022-01-16,MSIL2A,synchronized,101.38878518436104,181,5.627665277777778
2022-01-17,MSIL2A,synchronized,104.92454821243882,168,3.809331388888889
2022-01-18,MSIL2A,fscanner,6066.757821159437,11036,15414.177241111112
2022-01-18,MSIL2A,synchronized,108.31129184365273,189,4.525681388888889
2022-01-19,MSIL2A,fscanner,6265.966695159674,10889,16100.734358055557
2022-01-19,MSIL2A,synchronized,99.80011802632362,188,4.418392916666667
2022-01-20,MSIL2A,synchronized,99.30649514403194,173,4.868153333333333
2022-01-21,MSIL2A,synchronized,119.27218417823315,189,5.379349722222222
2022-01-22,MSIL2A,synchronized,112.19814105238765,183,5.203166944444445
2022-01-23,MSIL2A,synchronized,117.47706458903849,204,5.4951405555555555
2022-01-24,MSIL2A,synchronized,118.91497223451734,209,4.698488333333334
2022-01-25,MSIL2A,synchronized,104.84375917725265,184,8.550953055555555
2022-01-26,MSIL2A,synchronized,104.72094387281686,189,5.228318333333333
2022-01-27,MSIL2A,synchronized,127.86626930348575,230,5.3082569444444445
2022-01-28,MSIL2A,synchronized,132.25075974874198,230,7.539652083333333
2022-01-29,MSIL2A,synchronized,142.3523560333997,262,6.281774722222222
2022-01-30,MSIL2A,synchronized,137.27381662093103,255,6.013915
2022-01-31,MSIL2A,synchronized,160.64845448266715,277,6.735082222222222
2022-02-01,MSIL2A,synchronized,185.718283014372,333,7.200577222222223
2022-02-02,MSIL2A,synchronized,172.47399602644145,303,7.584295
2022-02-03,MSIL2A,fscanner,8666.640698292293,15103,20862.852662499998
2022-02-03,MSIL2A,synchronized,171.62332951184362,304,6.645226111111111
2022-02-04,MSIL2A,fscanner,18078.94238276966,31921,21480.31215138889
2022-02-04,MSIL2A,synchronized,185.54516940563917,321,7.99498
2022-02-05,MSIL2A,synchronized,203.40215536765754,344,6.159910694444445
2022-02-06,MSIL2A,synchronized,175.93969046417624,312,6.394777222222222
2022-02-07,MSIL2A,synchronized,206.2787119364366,359,8.4641625
2022-02-08,MSIL2A,synchronized,219.5263622198254,389,6.647616666666666
2022-02-09,MSIL2A,synchronized,222.94254070334136,373,5.656044722222222
2022-02-10,MSIL2A,synchronized,237.03908522147685,407,6.990444444444444
2022-02-11,MSIL2A,fscanner,9482.761881613173,16561,30140.691174444444
2022-02-11,MSIL2A,synchronized,247.03848497383296,408,7.118727638888889
2022-02-12,MSIL2A,synchronized,254.73554440960288,429,6.976581388888889
2022-02-13,MSIL2A,synchronized,235.48025465849787,439,6.323334166666667
2022-02-14,MSIL2A,synchronized,257.62602936849,457,8.117977222222223
2022-02-15,MSIL2A,synchronized,279.31707875803113,479,6.904179166666666
2022-02-16,MSIL2A,synchronized,214.67184869013727,388,4.781874305555556
2022-02-17,MSIL2A,synchronized,301.12026857677847,543,6.414917222222223
2022-02-18,MSIL2A,synchronized,296.01182717550546,523,7.098347777777778
2022-02-19,MSIL2A,synchronized,267.5983509235084,483,6.2850930555555555
2022-02-20,MSIL2A,synchronized,329.2241924945265,568,7.19880736111111
2022-02-20,Unknown,deleted,0.0,9,0.0
2022-02-21,MSIL2A,synchronized,315.3804467925802,556,6.262749305555555
2022-02-22,MSIL2A,synchronized,329.23221892584115,583,7.383502777777778
2022-02-23,MSIL2A,synchronized,337.56078690383583,600,5.940480277777778
2022-02-24,MSIL2A,synchronized,373.0571256354451,670,7.550569166666666
2022-02-25,MSIL2A,synchronized,355.12864824477583,635,6.545363055555556
2022-02-26,MSIL2A,synchronized,352.1599155785516,632,3.281782777777778
2022-02-27,MSIL2A,synchronized,387.49618756305426,669,4.534386111111111
2022-02-28,MSIL2A,synchronized,388.91138394456357,683,6.825853055555555
2022-03-01,MSIL2A,synchronized,414.07947745453566,708,6.8198581944444445
2022-03-02,MSIL2A,synchronized,413.63145713321865,716,7.602944027777778
2022-03-03,MSIL2A,synchronized,286.6455142516643,525,3.3981197222222224
2022-03-04,MSIL2A,synchronized,370.1657055579126,637,5.815394444444444
2022-03-05,MSIL2A,synchronized,531.3141920492053,912,11.0865575
2022-03-06,MSIL2A,synchronized,642.656232486479,1089,6.203177222222222
2022-03-07,MSIL2A,synchronized,503.2282541319728,870,6.540427083333333
2022-03-08,MSIL2A,synchronized,484.09349082875997,833,4.366901944444445
2022-03-09,MSIL2A,synchronized,510.81090572383255,925,5.782300277777778
2022-03-10,MSIL2A,synchronized,498.93575719185174,919,7.237785277777777
2022-03-11,MSIL2A,synchronized,529.4978852560744,968,6.752984166666667
2022-03-12,MSIL2A,synchronized,553.0442212633789,1007,5.764941944444445
2022-03-13,MSIL2A,synchronized,557.6392993470654,974,5.66743625
2022-03-14,MSIL2A,synchronized,584.3688226835802,1037,6.9262661111111115
2022-03-15,MSIL2A,synchronized,602.5028076386079,1085,6.241108611111112
2022-03-16,MSIL2A,synchronized,654.5380984898657,1086,7.520453611111112
2022-03-17,MSIL2A,synchronized,647.3581287814304,1142,6.668173472222222
2022-03-18,MSIL2A,synchronized,631.2190894661471,1125,7.201237222222223
2022-03-19,MSIL2A,synchronized,648.5680864658207,1124,5.248814861111111
2022-03-20,MSIL2A,synchronized,618.3386569116265,1044,6.707352916666666
2022-03-21,MSIL2A,synchronized,707.2787777148187,1213,7.965474722222222
2022-03-22,MSIL2A,synchronized,745.4392021959648,1288,7.074876805555555
2022-03-23,MSIL2A,synchronized,180.55416284594685,301,4.001145
2022-03-24,MSIL2A,synchronized,1242.8241350268945,2092,21.572090000000003
2022-03-25,MSIL2A,synchronized,891.2599449595436,1568,6.917890416666667
2022-03-26,MSIL2A,synchronized,792.6024799225852,1342,6.021179722222222
2022-03-27,MSIL2A,synchronized,748.7792153581977,1274,6.5645484722222225
2022-03-28,MSIL2A,synchronized,834.447366014123,1391,6.661783333333333
2022-03-29,MSIL2A,synchronized,847.3494465434924,1443,7.797647777777778
2022-03-30,MSIL2A,synchronized,730.0827916404232,1284,6.256365694444444
2022-03-31,MSIL2A,synchronized,795.5209027454257,1357,7.115163055555556
2022-04-01,MSIL2A,synchronized,860.5264554480091,1480,7.184911527777778
2022-04-02,MSIL2A,synchronized,829.2189330328256,1378,6.985834166666667
2022-04-03,MSIL2A,synchronized,793.6939114863053,1302,8.442827777777778
2022-04-04,MSIL2A,synchronized,917.5955019043759,1561,7.468555833333333
2022-04-05,MSIL2A,synchronized,847.3205520343035,1442,6.881670833333334
2022-04-06,MSIL2A,synchronized,766.3891380345449,1355,7.7253147222222225
2022-04-07,MSIL2A,synchronized,841.993351681158,1428,6.700469305555555
2022-04-08,MSIL2A,synchronized,842.1086705625057,1422,6.198419722222222
2022-04-09,MSIL2A,synchronized,785.3715710509568,1361,7.09776
2022-04-10,MSIL2A,synchronized,736.4654704695567,1300,8.5792725
2022-04-11,MSIL2A,synchronized,819.9414415732026,1445,7.139665000000001
2022-04-12,MSIL2A,synchronized,852.2660922175273,1468,7.047299444444445
2022-04-13,MSIL2A,synchronized,795.5467736702412,1383,7.970051944444445
2022-04-14,MSIL2A,synchronized,612.8591197831556,1077,6.2980044444444445
2022-04-15,MSIL2A,synchronized,992.0691806245595,1724,7.6897947222222225
2022-04-16,MSIL2A,synchronized,661.0276784161106,1142,8.06793263888889
2022-04-17,MSIL2A,synchronized,896.5683479560539,1614,8.63404375
2022-04-18,MSIL2A,synchronized,883.4124689185992,1550,5.817681527777777
2022-04-19,MSIL2A,synchronized,751.8709083003923,1326,6.900952222222222
2022-04-20,MSIL2A,synchronized,668.655234717764,1129,7.476956111111112
2022-04-21,MSIL2A,synchronized,965.3794139539823,1689,7.4312861111111115
2022-04-23,MSIL2A,synchronized,837.4498134367168,1407,7.648279166666667
2022-04-24,MSIL2A,synchronized,474.66536740772426,857,6.071115833333334
2022-04-22,MSIL2A,synchronized,778.9898143773898,1328,6.323440416666667
2022-04-25,MSIL2A,synchronized,1085.871804608032,1834,7.312263194444444
2022-04-26,MSIL2A,synchronized,750.4566884133965,1294,6.868776805555555
2022-04-27,MSIL2A,synchronized,687.7510781092569,1204,6.358978611111111
2022-04-28,MSIL2A,synchronized,935.6469473252073,1659,5.430796111111111
2022-04-29,MSIL2A,synchronized,570.017835015431,1008,5.719894583333334
2022-04-30,MSIL2A,synchronized,1107.7508940845728,1915,6.556111111111111
2022-05-01,MSIL2A,synchronized,808.0912732155994,1417,5.665273888888889
2022-05-02,MSIL2A,synchronized,781.7936513461173,1388,5.380470833333334
2022-05-03,MSIL2A,synchronized,777.6725856307894,1370,6.316999305555555
2022-05-04,MSIL2A,synchronized,746.9721756763756,1292,7.912450694444445
2022-05-05,MSIL2A,synchronized,917.5090727154166,1580,5.3513238888888885
2022-05-06,MSIL2A,synchronized,627.867435157299,1136,5.845743194444445
2022-05-07,MSIL2A,synchronized,1009.2678992021829,1789,5.840381944444444
2022-05-08,MSIL2A,synchronized,808.6699354564771,1434,5.526233333333334
2022-05-09,MSIL2A,synchronized,749.8345273723826,1357,8.211052222222222
2022-05-10,MSIL2A,synchronized,34.77862428035587,77,4.656091666666667
2022-05-10,Unknown,deleted,0.0,35,0.0
2022-04-22,MSIL2A,synchronized,778.9898143773898,1328,6.323440416666667
2022-05-11,MSIL2A,synchronized,1370.6287414096296,2488,18.659582083333333
2022-05-11,Unknown,deleted,0.0,8,0.0
2022-05-12,MSIL2A,synchronized,600.5416902061552,1067,7.122193888888889
2022-05-13,MSIL2A,synchronized,818.6374507239088,1487,19.850813055555555
2022-05-14,MSIL2A,synchronized,542.3254136620089,977,7.0396213888888886
2022-05-15,MSIL2A,synchronized,1111.4580543683842,1976,18.86036236111111
2022-05-16,MSIL2A,synchronized,1062.5396997965872,1921,7.7321511111111105
2022-05-17,MSIL2A,synchronized,799.1467868061736,1448,6.9198375
2022-05-18,MSIL2A,synchronized,858.1285294583067,1506,6.734808611111111
2022-05-19,MSIL2A,synchronized,747.2515039164573,1364,7.420587638888889
2022-05-20,MSIL2A,synchronized,801.8789332192391,1454,6.431384861111111
2022-05-21,MSIL2A,synchronized,872.2873832015321,1558,6.867985555555556
2022-05-22,MSIL2A,synchronized,762.9818993126974,1344,5.417275555555555
2022-05-23,MSIL2A,synchronized,638.5300348531455,1155,7.170533611111111
2022-05-24,MSIL2A,synchronized,925.0464311828837,1698,7.557897222222222
2022-05-25,MSIL2A,synchronized,867.3779661459848,1551,7.151519722222223
2022-05-26,MSIL2A,synchronized,741.0995202269405,1366,6.909944444444444
2022-05-27,MSIL2A,synchronized,813.4924679845572,1479,6.9058600000000006
2022-05-28,MSIL2A,synchronized,842.4582861494273,1473,6.5157058333333335
2022-05-29,MSIL2A,synchronized,857.3434703331441,1489,6.331983888888889
2022-05-30,MSIL2A,synchronized,793.4380008326843,1394,6.220271388888889
2022-05-31,MSIL2A,synchronized,790.9117721170187,1414,8.261689583333332
2022-06-01,MSIL2A,synchronized,799.858443739824,1431,6.437374999999999
2022-06-02,MSIL2A,synchronized,546.7660654140636,965,8.332324166666666
2022-06-03,MSIL2A,synchronized,755.1719965785742,1397,5.4259772222222225
2022-06-04,MSIL2A,synchronized,795.9265194702893,1424,7.017763333333333
2022-06-05,MSIL2A,synchronized,774.5193003145978,1408,6.298395277777778
2022-06-06,MSIL2A,synchronized,754.4140594471246,1388,5.501353333333332
2022-06-07,MSIL2A,synchronized,871.2369043529034,1545,6.387564444444444
2022-06-08,MSIL2A,synchronized,953.2958388244733,1696,8.07461625
2022-06-09,MSIL2A,synchronized,941.132779113017,1683,7.631345277777778
2022-06-10,MSIL2A,synchronized,831.2425143988803,1466,6.30593375
2022-06-11,MSIL2A,synchronized,701.7360874209553,1260,5.564133055555556
2022-06-12,MSIL2A,synchronized,758.1174985617399,1358,5.670830138888888
2022-06-13,MSIL2A,synchronized,620.6316921124235,1192,4.926952916666666
2022-06-14,MSIL2A,synchronized,828.2353502446786,1480,7.380145416666666
2022-06-15,MSIL2A,fscanner,1249.7982143396512,1763,28704.166244722222
2022-06-15,MSIL2A,synchronized,753.3135076984763,1376,7.411922361111111
2022-06-16,MSIL2A,synchronized,713.426698773168,1259,7.228353055555556
2022-06-17,MSIL2A,synchronized,857.4050648370758,1501,5.822359166666666
2022-06-18,MSIL2A,synchronized,853.4287535324693,1553,6.598272777777778
2022-06-19,MSIL2A,synchronized,759.6478435164317,1405,5.814638055555555
2022-06-20,MSIL2A,synchronized,673.3626962052658,1233,5.378668888888889
2022-06-21,MSIL2A,synchronized,770.1842740941793,1450,4.831710277777778
2022-06-22,MSIL2A,synchronized,723.0103564746678,1302,5.683635694444444
2022-06-23,MSIL2A,synchronized,727.017788012512,1369,7.233996111111111
2022-06-24,MSIL2A,synchronized,750.7097063232213,1316,4.673569027777778
2022-06-25,MSIL2A,synchronized,744.4449356868863,1308,4.995536388888889
2022-06-26,MSIL2A,synchronized,772.5350844813511,1360,5.604000694444444
2022-06-27,MSIL2A,synchronized,837.2802227921784,1463,6.117755833333333
2022-06-28,MSIL2A,synchronized,791.522304950282,1424,7.095087361111111
2022-06-29,MSIL2A,synchronized,801.0454362481833,1455,7.393088055555555
2022-06-30,MSIL2A,synchronized,780.7995683513582,1401,7.403255000000001
2022-07-01,MSIL2A,synchronized,750.2400707406923,1349,6.492550277777778
2022-07-02,MSIL2A,synchronized,820.6913608023897,1436,8.488903194444443
2022-07-03,MSIL2A,synchronized,858.7844787193462,1518,6.786015416666666
2022-07-04,MSIL2A,synchronized,773.4834147188812,1344,6.303702916666667
2022-07-05,MSIL2A,synchronized,30.22544047795236,48,7.475810972222222
2022-07-06,MSIL2A,synchronized,815.5058721899986,1410,33.25867819444444
2022-07-07,MSIL2A,synchronized,986.9272791538388,1687,24.445678055555558
2022-07-08,MSIL2A,synchronized,1480.3295852225274,2558,8.565738333333334
2022-07-09,MSIL2A,synchronized,701.7479369761422,1272,7.179320694444444
2022-07-10,MSIL2A,synchronized,801.3675568792969,1438,6.691379722222222
2022-07-11,MSIL2A,synchronized,770.3230778938159,1371,6.908228888888889
2022-07-12,MSIL2A,synchronized,381.3383944723755,671,7.156241388888889
2022-07-13,MSIL2A,synchronized,845.8551201457158,1516,9.476434722222223
2022-07-14,MSIL2A,synchronized,633.4475025152788,1206,7.997129305555555
2022-07-15,MSIL2A,synchronized,636.0270472951233,1138,8.564454166666668
2022-07-16,MSIL2A,synchronized,661.4256138242781,1128,5.533939861111111
2022-07-17,MSIL2A,synchronized,684.0960844103247,1188,6.178864583333333
2022-07-18,MSIL2A,synchronized,654.1586908511817,1185,6.3794908333333336
2022-07-19,MSIL2A,synchronized,1743.9804496504366,3049,28.165576111111108
2022-07-19,Unknown,deleted,0.0,6,0.0
2022-07-20,MSIL2A,synchronized,807.0584450401366,1430,5.015779027777778
2022-07-21,MSIL2A,fscanner,574.5279986364767,980,2567.1715211111114
2022-07-21,MSIL2A,synchronized,830.4517304599285,1393,5.293455833333333
2022-07-22,MSIL2A,synchronized,751.4367566788569,1299,5.532303333333334
2022-07-23,MSIL2A,synchronized,896.4373892154545,1551,5.018340277777778
2022-07-24,MSIL2A,synchronized,830.2671078341082,1451,5.263904444444445
2022-07-25,MSIL2A,synchronized,740.8633549166843,1353,5.046394722222223
2022-07-26,MSIL2A,synchronized,743.5001083761454,1364,5.795029722222223
2022-07-27,MSIL2A,synchronized,9.581580337136984,25,7.111934444444445
2022-07-28,MSIL2A,synchronized,1609.3530201120302,2920,20.28847125
2022-07-28,Unknown,deleted,0.0,29,0.0
2022-07-29,MSIL2A,synchronized,838.5190636850893,1490,7.102765416666667
2022-07-30,MSIL2A,synchronized,780.9070782717317,1408,10.374017361111111
2022-07-30,Unknown,deleted,0.0,1,0.0
2022-07-31,MSIL2A,synchronized,804.0032249344513,1411,5.665658333333333
2022-08-01,MSIL2A,synchronized,761.343302664347,1336,6.620794444444444
2022-08-01,Unknown,deleted,0.0,1,0.0
2022-08-02,MSIL2A,synchronized,572.4360401602462,1001,5.789682777777778
2022-08-03,MSIL2A,synchronized,1042.5970297018066,1816,7.269045972222223
2022-08-03,Unknown,deleted,0.0,7,0.0
2022-08-04,MSIL2A,synchronized,827.4839508999139,1433,6.589816388888889
2022-08-04,Unknown,deleted,0.0,3,0.0
2022-08-05,MSIL2A,synchronized,710.4051415156573,1222,7.535066111111112
2022-08-05,Unknown,deleted,0.0,4,0.0
2022-08-06,MSIL2A,synchronized,770.9567398671061,1347,7.2020575
2022-08-06,Unknown,deleted,0.0,6,0.0
2022-08-07,MSIL2A,synchronized,838.7562055569142,1531,7.116428611111111
2022-08-07,Unknown,deleted,0.0,6,0.0
2022-08-08,MSIL2A,synchronized,746.9819706333801,1296,7.098270138888889
2022-08-08,Unknown,deleted,0.0,2,0.0
2022-08-09,MSIL2A,synchronized,622.9294223152101,1117,8.609467777777777
2022-08-09,Unknown,deleted,0.0,3,0.0
2022-08-10,MSIL2A,synchronized,1029.3129624994472,1876,6.402708055555555
2022-08-10,Unknown,deleted,0.0,8,0.0
2022-08-11,MSIL2A,synchronized,731.436833621934,1320,7.361572916666667
2022-08-12,MSIL2A,synchronized,759.0061291297898,1361,5.635298888888889
2022-08-13,MSIL2A,synchronized,857.3869100660086,1440,6.866581249999999
2022-08-14,MSIL2A,synchronized,815.8604790838435,1392,5.496565555555556
2022-08-15,MSIL2A,synchronized,803.2166512832046,1347,6.068463333333334
2022-08-16,MSIL2A,synchronized,899.4476116197184,1489,5.7432863888888885
2022-08-17,MSIL2A,synchronized,855.0648224661127,1484,5.699168611111111
2022-08-18,MSIL2A,synchronized,800.1808705059811,1400,5.951875694444444
2022-08-19,MSIL2A,synchronized,686.0686732269824,1227,5.673333055555555
2022-08-20,MSIL2A,synchronized,401.6770505718887,674,7.058597777777777
2022-08-21,MSIL2A,synchronized,437.30236156191677,741,21.941666666666666
2022-08-22,MSIL2A,synchronized,898.8460607454181,1522,12.692670277777777
2022-08-23,MSIL2A,synchronized,956.6877786088735,1643,17.7272875
2022-08-24,MSIL2A,synchronized,1184.7795857945457,2012,8.789837222222221
2022-08-25,MSIL2A,synchronized,870.066299549304,1459,8.46177138888889
2022-08-26,MSIL2A,synchronized,896.0699209347367,1507,6.381698611111111
2022-08-27,MSIL2A,synchronized,866.7824827143922,1469,6.9230675
2022-08-28,MSIL2A,synchronized,845.3362517347559,1417,7.427706388888889
2022-08-29,MSIL2A,synchronized,903.5679638898,1541,4.6858844444444445
2022-08-30,MSIL2A,synchronized,17.988597975112498,35,7.314876388888889
2022-09-01,MSIL2A,synchronized,2711.257240496576,4567,24.75783111111111
2022-09-01,Unknown,deleted,0.0,89,0.0
2022-09-02,MSIL2A,synchronized,894.1777964755893,1478,4.633545
2022-09-03,MSIL2A,synchronized,815.1307122288272,1395,5.922170277777777
2022-09-04,MSIL2A,synchronized,841.138543670997,1431,5.061021944444445
2022-09-05,MSIL2A,synchronized,909.3889935193583,1500,5.178599444444444
2022-09-06,MSIL2A,synchronized,849.9497127635404,1448,6.19801
2022-09-07,MSIL2A,synchronized,733.7811368284747,1253,4.644356388888889
2022-09-08,MSIL2A,synchronized,390.7954228101298,698,8.417951944444443
2022-09-09,MSIL2A,synchronized,1172.4301924202591,2012,10.625020555555555
2022-09-11,MSIL2A,synchronized,865.5501577900723,1449,5.700715
2022-09-12,MSIL2A,synchronized,745.3938738936558,1255,6.371657777777778
2022-09-13,MSIL2A,synchronized,921.8992334781215,1572,7.156800138888888
2022-09-10,MSIL2A,synchronized,899.055351418443,1522,5.9651597222222215
2022-09-14,MSIL2A,synchronized,768.0101879378781,1292,7.653828333333333
2022-09-15,MSIL2A,synchronized,808.0768249025568,1353,5.678385555555555
2022-09-16,MSIL2A,synchronized,806.0705198850483,1439,5.462763611111111
2022-09-17,MSIL2A,synchronized,663.2389009464532,1164,5.631034722222222
2022-09-18,MSIL2A,synchronized,792.8829823462293,1383,6.621551666666666
2022-09-19,MSIL2A,synchronized,704.0618607029319,1228,6.238774722222223
2022-09-20,MSIL2A,synchronized,694.1216811947525,1213,7.2172052777777775
2022-09-21,MSIL2A,synchronized,693.8166510313749,1218,6.78134986111111
2022-09-22,MSIL2A,synchronized,644.0280212080106,1128,10.44266263888889
2022-09-23,MSIL2A,synchronized,671.0955661917105,1186,8.542448888888888
2022-09-24,MSIL2A,synchronized,476.145624615252,825,7.164553333333333
2022-09-25,MSIL2A,synchronized,502.870606360957,901,8.92330361111111
2022-09-26,MSIL2A,synchronized,596.5757647780702,1063,28.77361388888889
2022-09-27,MSIL2A,synchronized,634.6740319197997,1089,24.776018611111112
2022-09-28,MSIL2A,synchronized,866.3235371280462,1525,11.054356388888888
2022-09-29,MSIL2A,synchronized,640.9071468980983,1120,9.040412638888888
2022-09-30,MSIL2A,synchronized,496.4147372664884,873,7.372863888888889
2022-10-01,MSIL2A,synchronized,577.1142962686718,1029,6.457411944444445
2022-10-02,MSIL2A,synchronized,481.51589684933424,838,5.231629027777778
2022-10-03,MSIL2A,synchronized,517.096835937351,911,7.293872222222221
2022-10-04,MSIL2A,synchronized,481.45188300218433,823,5.692944444444444
2022-10-05,MSIL2A,synchronized,465.4824674166739,840,7.142679027777778
2022-10-06,MSIL2A,synchronized,480.5123876463622,859,7.390479166666666
2022-10-07,MSIL2A,synchronized,459.97800024598837,810,6.714499305555556
2022-10-08,MSIL2A,synchronized,464.2908399440348,784,5.573704583333333
2022-10-09,MSIL2A,synchronized,415.1020580306649,697,6.211768888888889
2022-10-10,MSIL2A,synchronized,440.3854446467012,757,5.778509444444444
2022-10-11,MSIL2A,synchronized,419.4581070654094,712,6.966421944444444
2022-10-12,MSIL2A,synchronized,430.3775797849521,732,5.611804444444444
2022-10-13,MSIL2A,synchronized,387.89782255049795,664,5.811199027777778
2022-10-14,MSIL2A,synchronized,243.27792754303664,417,6.895543888888889
2022-10-15,MSIL2A,synchronized,527.6602455675602,891,5.33983
2022-10-16,MSIL2A,synchronized,348.19427803717554,622,5.376026111111111
2022-10-17,MSIL2A,synchronized,354.57452107034624,619,6.234224722222222
2022-10-18,MSIL2A,synchronized,357.32807177491486,596,5.178950972222223
2022-10-19,MSIL2A,synchronized,331.56323549710214,572,6.884854305555555
2022-10-20,MSIL2A,synchronized,329.2004148606211,549,6.796058611111111
2022-10-21,MSIL2A,synchronized,220.46207253541797,376,11.76508125
2022-10-22,MSIL2A,synchronized,357.9401931865141,602,9.696104722222222
2022-10-23,MSIL2A,synchronized,292.4058581693098,496,10.723344305555557
2022-10-24,MSIL2A,synchronized,295.89336173050106,521,10.24790138888889
2022-10-25,MSIL2A,synchronized,153.36503187008202,262,4.903888055555556
2022-10-26,MSIL2A,synchronized,383.44414038490504,644,8.386285694444446
2022-10-27,MSIL2A,synchronized,287.42621024604887,487,8.700525555555556
2022-10-28,MSIL2A,synchronized,266.60824888478965,468,8.548941805555554
2022-10-29,MSIL2A,synchronized,226.57267640903592,401,6.2406041666666665
2022-10-30,MSIL2A,synchronized,234.89264011289924,389,5.922721111111111
2022-10-31,MSIL2A,synchronized,240.82411803212017,393,5.4346775
2022-11-01,MSIL2A,synchronized,222.0663124769926,384,6.031120555555556
2022-11-02,MSIL2A,synchronized,213.9067146377638,374,6.653820555555555
2022-11-03,MSIL2A,synchronized,190.0414188252762,325,6.1152291666666665
2022-11-04,MSIL2A,synchronized,181.88370199874043,305,11.850642777777777
2022-11-05,MSIL2A,synchronized,135.61857580114156,240,5.953954027777778
2022-11-06,MSIL2A,synchronized,146.69403654057533,263,7.8535458333333334
2022-11-07,MSIL2A,synchronized,137.1256912369281,230,23.712635555555558
2022-11-08,MSIL2A,synchronized,225.84352541342378,389,5.242744444444445
2022-11-09,MSIL2A,synchronized,164.8180255210027,286,5.474358472222223
2022-11-10,MSIL2A,synchronized,158.08470983430743,273,6.428460833333333
2022-11-11,MSIL2A,synchronized,147.64741980470717,271,7.508949444444444
2022-11-12,MSIL2A,synchronized,170.05310426093638,269,6.265566388888889
2022-11-13,MSIL2A,synchronized,65.7098555052653,120,4.048510555555556
2022-11-14,MSIL2A,synchronized,159.27978505007923,244,14.521307638888889
2022-11-15,MSIL2A,synchronized,212.26858970336616,358,8.52593236111111
2022-11-23,MSIL2A,synchronized,524.1349316481501,856,152.6504686111111
2022-11-24,MSIL2A,synchronized,204.31803404167295,336,7.186338611111111
2022-11-25,MSIL2A,synchronized,100.5988250952214,178,5.248777638888889
2022-11-26,MSIL2A,synchronized,87.48260658886284,151,4.364147777777778
2022-11-27,MSIL2A,synchronized,93.1905870474875,156,4.643223611111111
2022-11-28,MSIL2A,synchronized,81.56652954779565,148,5.6747273611111115
2022-12-02,MSIL2A,synchronized,69.43158793076873,117,3.6463916666666667
2022-12-03,MSIL2A,synchronized,72.79046266060323,130,3.950576388888889
2022-12-04,MSIL2A,synchronized,78.63456136733294,131,4.9737027777777785
2022-12-05,MSIL2A,synchronized,68.80436268914491,123,3.7256066666666663
2022-12-05,MSIL2A,synchronized,68.80436268914491,123,3.7256066666666663
2022-12-06,MSIL2A,synchronized,70.04336802475154,119,8.101693611111111
2022-12-07,MSIL2A,synchronized,77.42034838534892,135,4.554471666666667
2022-12-08,MSIL2A,synchronized,65.2145593361929,107,4.7404775
2022-12-09,MSIL2A,synchronized,70.68272571079433,117,4.431978055555556
2022-12-10,MSIL2A,synchronized,72.1028310265392,116,4.876079305555556
2022-12-11,MSIL2A,synchronized,64.56386941950768,106,6.307830555555556
2022-12-12,MSIL2A,synchronized,17.953721181489527,33,5.216546666666667
2022-12-13,MSIL2A,synchronized,52.45910589210689,91,4.742411944444445
2022-12-14,MSIL2A,synchronized,164.07461103331298,273,3797.9037005555556
2022-12-15,MSIL2A,synchronized,62.478751411661506,94,4.287561944444445
2022-12-18,MSIL2A,synchronized,56.269710805267096,91,4.101043611111111
2022-12-18,MSIL2A,synchronized,56.269710805267096,91,4.101043611111111
2022-12-18,MSIL2A,synchronized,56.269710805267096,91,4.101043611111111
2022-12-19,MSIL2A,synchronized,57.351808234117925,101,6.928470277777778
2022-12-19,MSIL2A,synchronized,57.351808234117925,101,6.928470277777778
2022-12-20,MSIL2A,synchronized,25.863082941621542,55,5.970291111111111
2022-12-27,MSIL2A,synchronized,438.99147886317223,743,73.49045638888889
2022-12-29,MSIL2A,synchronized,61.681280265562236,102,4.981978333333333
2022-12-30,MSIL2A,synchronized,60.85208755079657,108,4.699788055555556
2022-12-31,MSIL2A,synchronized,54.927739259786904,103,4.968443611111112
2023-01-01,MSIL2A,synchronized,67.10490135382861,112,4.575009861111111
2023-01-02,MSIL2A,synchronized,60.35422265715897,104,4.298062916666667
2023-01-04,MSIL2A,synchronized,57.690259818919,110,3.7074706944444444
2023-01-05,MSIL2A,synchronized,67.60377026442438,115,4.189876666666667
2023-01-06,MSIL2A,synchronized,76.62027443572879,126,5.007691250000001
2023-01-07,MSIL2A,synchronized,64.08719694335014,111,4.439998888888889
2023-01-08,MSIL2A,synchronized,71.15066405199468,123,4.755566388888889
2023-01-09,MSIL2A,synchronized,73.32170259114355,129,5.5038913888888885
2023-01-10,MSIL2A,synchronized,70.99146582558751,125,4.640605555555555
2023-01-11,MSIL2A,synchronized,81.74537065904588,146,5.028670972222222
2023-01-12,MSIL2A,synchronized,70.8745443187654,122,4.204256388888889
2023-01-13,MSIL2A,synchronized,44.68054107390344,73,5.070649166666667
2023-01-14,MSIL2A,synchronized,49.650193753652275,108,4.212818055555555
2023-01-15,MSIL2A,synchronized,57.76303749252111,109,4.3338777777777775
2023-01-16,MSIL2A,synchronized,62.86702794209123,102,5.242966527777778
2023-01-17,MSIL2A,synchronized,66.40571098588407,129,3.8154363888888887
2023-01-18,MSIL2A,synchronized,66.62097009364516,118,10.615002638888889
2023-01-18,MSIL2A,synchronized,66.62097009364516,118,10.615002638888889
2023-01-19,MSIL2A,synchronized,99.47460017260164,166,5.7608154166666665
2023-01-20,MSIL2A,synchronized,110.67433409020305,184,5.823408888888889
2023-01-22,MSIL2A,synchronized,105.75881215371192,177,5.293124166666667
2023-01-23,MSIL2A,synchronized,116.41879876889288,198,6.315685138888888
2023-01-24,MSIL2A,synchronized,112.80294651258737,211,4.273988611111111
2023-01-25,MSIL2A,synchronized,112.06718908064067,202,5.109511666666666
2023-01-26,MSIL2A,synchronized,146.00897944252938,233,8.304476944444444
2023-01-27,MSIL2A,synchronized,137.2282378161326,223,4.976426666666666
2023-01-29,MSIL2A,synchronized,132.54575294535607,249,5.398133333333333
2023-01-29,MSIL2A,synchronized,132.54575294535607,249,5.398133333333333
2023-01-30,MSIL2A,synchronized,147.58996693603694,261,6.686465
2023-01-31,MSIL2A,synchronized,164.1672265669331,279,4.832154444444445
2023-02-01,MSIL2A,synchronized,150.6978130042553,255,4.826480277777778
2023-02-02,MSIL2A,synchronized,164.29065215215087,287,5.4647322222222225
2023-02-03,MSIL2A,synchronized,172.6961806025356,308,4.556094861111111
2023-02-04,MSIL2A,synchronized,174.97066523693502,296,5.569719583333333
2023-02-05,MSIL2A,synchronized,179.6029920121655,317,5.692073611111111
2023-02-06,MSIL2A,synchronized,182.10870450455695,316,5.700646527777778
2023-02-07,MSIL2A,synchronized,32.289665857329965,69,2.4866997222222222
2023-02-08,MSIL2A,synchronized,154.22713823523372,284,29.943112083333332
2023-02-09,MSIL2A,synchronized,31.24605189356953,58,24.300380416666666
2023-02-10,MSIL2A,synchronized,371.6287746299058,682,18.13206111111111
2023-02-11,MSIL2A,synchronized,221.6108345584944,381,24.4677
2023-02-12,MSIL2A,synchronized,220.3198714312166,364,21.98889722222222
2023-02-17,MSIL2A,synchronized,265.8351178318262,474,6.506080833333334
2023-02-18,MSIL2A,synchronized,258.9425454046577,486,5.458640694444444
2023-02-19,MSIL2A,synchronized,288.06259960401803,531,6.744965
2023-02-20,MSIL2A,synchronized,322.7735840473324,563,7.161631666666667
2023-02-21,MSIL2A,synchronized,303.1419298918918,517,8.460812777777777
2023-02-22,MSIL2A,synchronized,351.8691258886829,587,8.00963
2023-02-23,MSIL2A,synchronized,292.70725949294865,532,9.514373888888889
2022-09-10,MSIL2A,synchronized,899.055351418443,1522,5.9651597222222215
2022-09-11,MSIL2A,synchronized,865.5501577900723,1449,5.700715
2022-09-12,MSIL2A,synchronized,745.3938738936558,1255,6.371657777777778
2022-09-13,MSIL2A,synchronized,921.8992334781215,1572,7.156800138888888
2022-09-14,MSIL2A,synchronized,768.0101879378781,1292,7.653828333333333
2022-09-15,MSIL2A,synchronized,808.0768249025568,1353,5.678385555555555
2022-09-16,MSIL2A,synchronized,806.0705198850483,1439,5.462763611111111
2022-09-17,MSIL2A,synchronized,663.2389009464532,1164,5.631034722222222
2022-09-18,MSIL2A,synchronized,792.8829823462293,1383,6.621551666666666
2022-09-19,MSIL2A,synchronized,704.0618607029319,1228,6.238774722222223
2022-09-20,MSIL2A,synchronized,694.1216811947525,1213,7.2172052777777775
2022-09-21,MSIL2A,synchronized,693.8166510313749,1218,6.78134986111111
2022-09-22,MSIL2A,synchronized,644.0280212080106,1128,10.44266263888889
2022-09-23,MSIL2A,synchronized,671.0955661917105,1186,8.542448888888888
2022-09-24,MSIL2A,synchronized,476.145624615252,825,7.164553333333333
2022-09-25,MSIL2A,synchronized,502.870606360957,901,8.92330361111111
2022-09-26,MSIL2A,synchronized,596.5757647780702,1063,28.77361388888889
2022-09-27,MSIL2A,synchronized,634.6740319197997,1089,24.776018611111112
2022-09-28,MSIL2A,synchronized,866.3235371280462,1525,11.054356388888888
2022-09-29,MSIL2A,synchronized,640.9071468980983,1120,9.040412638888888
2022-09-30,MSIL2A,synchronized,496.4147372664884,873,7.372863888888889
2022-10-01,MSIL2A,synchronized,577.1142962686718,1029,6.457411944444445
2022-10-02,MSIL2A,synchronized,481.51589684933424,838,5.231629027777778
2022-10-03,MSIL2A,synchronized,517.096835937351,911,7.293872222222221
2022-10-04,MSIL2A,synchronized,481.45188300218433,823,5.692944444444444
2022-10-05,MSIL2A,synchronized,465.4824674166739,840,7.142679027777778
2022-10-06,MSIL2A,synchronized,480.5123876463622,859,7.390479166666666
2022-10-07,MSIL2A,synchronized,459.97800024598837,810,6.714499305555556
2022-10-08,MSIL2A,synchronized,464.2908399440348,784,5.573704583333333
2022-10-09,MSIL2A,synchronized,415.1020580306649,697,6.211768888888889
2022-10-10,MSIL2A,synchronized,440.3854446467012,757,5.778509444444444
2022-10-11,MSIL2A,synchronized,419.4581070654094,712,6.966421944444444
2022-10-12,MSIL2A,synchronized,430.3775797849521,732,5.611804444444444
2022-10-13,MSIL2A,synchronized,387.89782255049795,664,5.811199027777778
2022-10-14,MSIL2A,synchronized,243.27792754303664,417,6.895543888888889
2022-10-15,MSIL2A,synchronized,527.6602455675602,891,5.33983
2022-10-16,MSIL2A,synchronized,348.19427803717554,622,5.376026111111111
2022-10-17,MSIL2A,synchronized,354.57452107034624,619,6.234224722222222
2022-10-18,MSIL2A,synchronized,357.32807177491486,596,5.178950972222223
2022-10-19,MSIL2A,synchronized,331.56323549710214,572,6.884854305555555
2022-10-20,MSIL2A,synchronized,329.2004148606211,549,6.796058611111111
2022-10-21,MSIL2A,synchronized,220.46207253541797,376,11.76508125
2022-10-22,MSIL2A,synchronized,357.9401931865141,602,9.696104722222222
2022-10-23,MSIL2A,synchronized,292.4058581693098,496,10.723344305555557
2022-10-24,MSIL2A,synchronized,295.89336173050106,521,10.24790138888889
2022-10-25,MSIL2A,synchronized,153.36503187008202,262,4.903888055555556
2022-10-26,MSIL2A,synchronized,383.44414038490504,644,8.386285694444446
2022-10-27,MSIL2A,synchronized,287.42621024604887,487,8.700525555555556
2022-10-28,MSIL2A,synchronized,266.60824888478965,468,8.548941805555554
2022-10-29,MSIL2A,synchronized,226.57267640903592,401,6.2406041666666665
2022-10-30,MSIL2A,synchronized,234.89264011289924,389,5.922721111111111
2022-10-31,MSIL2A,synchronized,240.82411803212017,393,5.4346775
2022-11-01,MSIL2A,synchronized,222.0663124769926,384,6.031120555555556
2022-11-02,MSIL2A,synchronized,213.9067146377638,374,6.653820555555555
2022-11-03,MSIL2A,synchronized,190.0414188252762,325,6.1152291666666665
2022-11-04,MSIL2A,synchronized,181.88370199874043,305,11.850642777777777
2022-11-05,MSIL2A,synchronized,135.61857580114156,240,5.953954027777778
2022-11-06,MSIL2A,synchronized,146.69403654057533,263,7.8535458333333334
2022-11-07,MSIL2A,synchronized,137.1256912369281,230,23.712635555555558
2022-11-08,MSIL2A,synchronized,225.84352541342378,389,5.242744444444445
2022-11-09,MSIL2A,synchronized,164.8180255210027,286,5.474358472222223
2022-11-10,MSIL2A,synchronized,158.08470983430743,273,6.428460833333333
2022-11-11,MSIL2A,synchronized,147.64741980470717,271,7.508949444444444
2022-11-12,MSIL2A,synchronized,170.05310426093638,269,6.265566388888889
2022-11-13,MSIL2A,synchronized,65.7098555052653,120,4.048510555555556
2022-11-14,MSIL2A,synchronized,159.27978505007923,244,14.521307638888889
2022-11-15,MSIL2A,synchronized,212.26858970336616,358,8.52593236111111
2022-11-23,MSIL2A,synchronized,524.1349316481501,856,152.6504686111111
2022-11-24,MSIL2A,synchronized,204.31803404167295,336,7.186338611111111
2022-11-25,MSIL2A,synchronized,100.5988250952214,178,5.248777638888889
2022-11-26,MSIL2A,synchronized,87.48260658886284,151,4.364147777777778
2022-11-27,MSIL2A,synchronized,93.1905870474875,156,4.643223611111111
2022-11-28,MSIL2A,synchronized,81.56652954779565,148,5.6747273611111115
2022-11-29,MSIL2A,synchronized,88.32010533101857,158,5.248446805555556
2022-11-30,MSIL2A,synchronized,62.05896548461169,106,11.956893749999999
2022-12-01,MSIL2A,synchronized,103.70713030360639,179,5.308870555555556
2022-12-02,MSIL2A,synchronized,69.43158793076873,117,3.6463916666666667
2022-12-03,MSIL2A,synchronized,72.79046266060323,130,3.950576388888889
2022-12-04,MSIL2A,synchronized,78.63456136733294,131,4.9737027777777785
2022-12-05,MSIL2A,synchronized,68.80436268914491,123,3.7256066666666663
2022-12-06,MSIL2A,synchronized,70.04336802475154,119,8.101693611111111
2022-12-07,MSIL2A,synchronized,77.42034838534892,135,4.554471666666667
2022-12-08,MSIL2A,synchronized,65.2145593361929,107,4.7404775
2022-12-09,MSIL2A,synchronized,70.68272571079433,117,4.431978055555556
2022-12-10,MSIL2A,synchronized,72.1028310265392,116,4.876079305555556
2022-12-11,MSIL2A,synchronized,64.56386941950768,106,6.307830555555556
2022-12-12,MSIL2A,synchronized,17.953721181489527,33,5.216546666666667
2022-12-13,MSIL2A,synchronized,52.45910589210689,91,4.742411944444445
2022-12-14,MSIL2A,synchronized,164.07461103331298,273,3797.9037005555556
2022-12-15,MSIL2A,synchronized,62.478751411661506,94,4.287561944444445
2022-12-16,MSIL2A,synchronized,62.53131668269634,102,4.507397777777777
2022-12-17,MSIL2A,synchronized,67.28552121948451,110,4.9149641666666675
2022-12-18,MSIL2A,synchronized,56.269710805267096,91,4.101043611111111
2022-12-19,MSIL2A,synchronized,57.351808234117925,101,6.928470277777778
2022-12-20,MSIL2A,synchronized,25.863082941621542,55,5.970291111111111
2022-12-27,MSIL2A,synchronized,438.99147886317223,743,73.49045638888889
2022-12-28,MSIL2A,synchronized,50.039866883307695,91,3.933765
2022-12-29,MSIL2A,synchronized,61.681280265562236,102,4.981978333333333
2022-12-30,MSIL2A,synchronized,60.85208755079657,108,4.699788055555556
2022-12-31,MSIL2A,synchronized,54.927739259786904,103,4.968443611111112
2023-01-01,MSIL2A,synchronized,67.10490135382861,112,4.575009861111111
2023-01-02,MSIL2A,synchronized,60.35422265715897,104,4.298062916666667
2023-01-03,MSIL2A,synchronized,72.4088647281751,110,4.557073888888889
2023-01-04,MSIL2A,synchronized,57.690259818919,110,3.7074706944444444
2023-01-05,MSIL2A,synchronized,67.60377026442438,115,4.189876666666667
2023-01-06,MSIL2A,synchronized,76.62027443572879,126,5.007691250000001
2023-01-07,MSIL2A,synchronized,64.08719694335014,111,4.439998888888889
2023-01-08,MSIL2A,synchronized,71.15066405199468,123,4.755566388888889
2023-01-09,MSIL2A,synchronized,73.32170259114355,129,5.5038913888888885
2023-01-10,MSIL2A,synchronized,70.99146582558751,125,4.640605555555555
2023-01-11,MSIL2A,synchronized,81.74537065904588,146,5.028670972222222
2023-01-12,MSIL2A,synchronized,70.8745443187654,122,4.204256388888889
2023-01-13,MSIL2A,synchronized,44.68054107390344,73,5.070649166666667
2023-01-14,MSIL2A,synchronized,49.650193753652275,108,4.212818055555555
2023-01-15,MSIL2A,synchronized,57.76303749252111,109,4.3338777777777775
2023-01-16,MSIL2A,synchronized,62.86702794209123,102,5.242966527777778
2023-01-17,MSIL2A,synchronized,66.40571098588407,129,3.8154363888888887
2023-01-18,MSIL2A,synchronized,66.62097009364516,118,10.615002638888889
2023-01-19,MSIL2A,synchronized,99.47460017260164,166,5.7608154166666665
2023-01-20,MSIL2A,synchronized,110.67433409020305,184,5.823408888888889
2023-01-21,MSIL2A,synchronized,123.02740081772208,196,5.654328055555556
2023-01-22,MSIL2A,synchronized,105.75881215371192,177,5.293124166666667
2023-01-23,MSIL2A,synchronized,116.41879876889288,198,6.315685138888888
2023-01-24,MSIL2A,synchronized,112.80294651258737,211,4.273988611111111
2023-01-25,MSIL2A,synchronized,112.06718908064067,202,5.109511666666666
2023-01-26,MSIL2A,synchronized,146.00897944252938,233,8.304476944444444
2023-01-27,MSIL2A,synchronized,137.2282378161326,223,4.976426666666666
2023-01-28,MSIL2A,synchronized,134.05832393467426,235,5.482149722222222
2023-01-29,MSIL2A,synchronized,132.54575294535607,249,5.398133333333333
2023-01-30,MSIL2A,synchronized,147.58996693603694,261,6.686465
2023-01-31,MSIL2A,synchronized,164.1672265669331,279,4.832154444444445
2023-02-01,MSIL2A,synchronized,150.6978130042553,255,4.826480277777778
2023-02-02,MSIL2A,synchronized,164.29065215215087,287,5.4647322222222225
2023-02-03,MSIL2A,synchronized,172.6961806025356,308,4.556094861111111
2023-02-04,MSIL2A,synchronized,174.97066523693502,296,5.569719583333333
2023-02-05,MSIL2A,synchronized,179.6029920121655,317,5.692073611111111
2023-02-06,MSIL2A,synchronized,182.10870450455695,316,5.700646527777778
2023-02-07,MSIL2A,synchronized,32.289665857329965,69,2.4866997222222222
2023-02-08,MSIL2A,synchronized,154.22713823523372,284,29.943112083333332
2023-02-09,MSIL2A,synchronized,31.24605189356953,58,24.300380416666666
2023-02-10,MSIL2A,synchronized,371.6287746299058,682,18.13206111111111
2023-02-11,MSIL2A,synchronized,221.6108345584944,381,24.4677
2023-02-12,MSIL2A,synchronized,220.3198714312166,364,21.98889722222222
2023-02-13,MSIL2A,synchronized,145.61862985324115,255,28.163726388888886
2023-02-15,MSIL2A,synchronized,541.0586311379448,950,47.98458986111111
2023-02-15,Unknown,deleted,0.0,1,0.0
2023-02-16,MSIL2A,synchronized,542.6833419110626,970,20.05382458333333
2023-02-16,Unknown,deleted,0.0,12,0.0
2023-02-17,MSIL2A,synchronized,265.8351178318262,474,6.506080833333334
2023-02-18,MSIL2A,synchronized,258.9425454046577,486,5.458640694444444
2023-02-19,MSIL2A,synchronized,288.06259960401803,531,6.744965
2023-02-20,MSIL2A,synchronized,322.7735840473324,563,7.161631666666667
2023-02-21,MSIL2A,synchronized,303.1419298918918,517,8.460812777777777
2023-02-22,MSIL2A,synchronized,351.8691258886829,587,8.00963
2023-02-23,MSIL2A,synchronized,292.70725949294865,532,9.514373888888889
2023-02-24,MSIL2A,synchronized,394.08464352972806,694,9.239809305555555
2023-02-25,MSIL2A,synchronized,376.21282854676247,629,9.136593333333332
2023-02-26,MSIL2A,synchronized,366.8203925471753,609,8.592818055555556
2023-02-27,MSIL2A,synchronized,392.01880944520235,678,8.590047222222221
2023-02-28,MSIL2A,synchronized,345.40033216401935,601,9.066900555555556
2023-03-01,MSIL2A,synchronized,444.7809243584052,741,10.2619325
2023-03-02,MSIL2A,synchronized,459.10250551905483,779,8.806722777777779
2023-03-03,MSIL2A,synchronized,306.07858569175005,529,10.406800833333334
2023-03-04,MSIL2A,synchronized,380.0904889944941,663,10.290311666666668
2023-03-05,MSIL2A,synchronized,518.8060697223991,907,10.704223888888889
2023-03-06,MSIL2A,synchronized,449.9663790408522,774,9.527970555555555
2023-03-07,MSIL2A,synchronized,449.1735307658091,770,9.913904722222222
2023-03-08,MSIL2A,synchronized,445.46619731001556,766,10.74285986111111
2023-03-09,MSIL2A,synchronized,302.3360090116039,578,13.35101263888889
2023-03-10,MSIL2A,synchronized,551.2183377156034,976,13.795948333333332
2023-03-11,MSIL2A,synchronized,632.4795214300975,1091,13.2818875
2023-03-12,MSIL2A,synchronized,474.52199238259345,832,12.453854861111111
2023-03-13,MSIL2A,synchronized,596.2773377336562,1073,11.792898055555554
2023-03-14,MSIL2A,synchronized,367.57910498511046,651,15.133681388888888
2023-03-15,MSIL2A,synchronized,494.57467954047024,867,19.139663055555555
2023-03-16,MSIL2A,synchronized,582.1548383282498,994,19.379037083333333
2023-03-17,MSIL2A,synchronized,654.9132188232616,1119,19.75643472222222
2023-03-18,MSIL2A,synchronized,660.4071945445612,1147,20.20465527777778
2023-03-19,MSIL2A,synchronized,625.9896522862837,1091,21.726673055555555
2023-03-20,MSIL2A,synchronized,1323.1233736947179,2338,19.23646777777778
2023-03-20,Unknown,deleted,0.0,74,0.0
2023-03-21,MSIL2A,synchronized,120.08495166711509,208,4.232627638888889
2023-03-21,Unknown,deleted,0.0,5,0.0
2023-03-22,MSIL2A,synchronized,603.0886911954731,1065,26.226985555555554
2023-03-23,MSIL2A,synchronized,709.0356318736449,1309,29.91203472222222
2023-03-24,MSIL2A,synchronized,591.9353714650497,1065,30.608778611111113
2023-03-25,MSIL2A,synchronized,656.055973100476,1142,33.126375
2023-03-26,MSIL2A,synchronized,726.4429819891229,1257,33.98441944444445
2023-03-27,MSIL2A,synchronized,578.7198348874226,999,34.40437555555555
2023-03-28,MSIL2A,synchronized,701.7199327610433,1197,36.28710916666667
2023-03-29,MSIL2A,synchronized,496.94008745625615,848,38.67547472222222
2023-03-30,MSIL2A,synchronized,750.0748585620895,1293,45.00118472222223
2023-03-31,MSIL2A,synchronized,770.4852661043406,1359,51.676815000000005
2023-04-01,MSIL2A,synchronized,361.9734967229888,649,58.79597611111111
2023-04-02,MSIL2A,synchronized,443.87627490703017,794,63.08923472222223
2023-04-03,MSIL2A,synchronized,825.8876680918038,1414,69.57883847222223
2023-04-04,MSIL2A,synchronized,791.9166652159765,1366,77.73032027777779
2023-04-05,MSIL2A,synchronized,340.67130896728486,560,83.77832541666666
2023-04-06,MSIL2A,synchronized,476.4863725891337,825,87.85939916666666
2023-04-07,MSIL2A,synchronized,834.1748083634302,1441,94.50454972222222
2023-04-08,MSIL2A,synchronized,644.1693906281143,1112,104.0491313888889
2023-04-09,MSIL2A,synchronized,230.18928325362504,415,107.76166944444445
2023-04-10,MSIL2A,synchronized,631.0661235926673,1171,114.05319638888888
2023-04-11,MSIL2A,synchronized,573.9821201693267,1028,122.06286013888888
2023-04-12,MSIL2A,synchronized,91.87552552949637,179,129.15558972222223
2023-04-13,MSIL2A,synchronized,28.73292655032128,57,165.04635722222224
2023-04-14,MSIL2A,synchronized,3479.789324540645,5950,119.4595126388889
2023-04-14,Unknown,deleted,0.0,297,0.0
2023-04-15,MSIL2A,synchronized,2950.4475733013824,5117,53.86147166666667
2023-04-15,Unknown,deleted,0.0,1228,0.0
2023-04-16,MSIL2A,synchronized,1433.4990594824776,2610,14.732180694444445
2023-04-16,Unknown,deleted,0.0,586,0.0
2023-04-17,MSIL2A,synchronized,787.4430265249684,1389,4.936005555555555
2023-04-17,Unknown,deleted,0.0,1189,0.0
2023-04-18,MSIL2A,synchronized,779.6976652368903,1371,4.837073611111111
2023-04-18,Unknown,deleted,0.0,1321,0.0
2023-04-19,MSIL2A,synchronized,801.1701536159962,1459,5.293956111111111
2023-04-19,Unknown,deleted,0.0,621,0.0
2023-04-20,MSIL2A,synchronized,855.7767679914832,1512,6.195784027777778
2023-04-20,Unknown,deleted,0.0,435,0.0
2023-04-21,MSIL2A,synchronized,812.8381734210998,1411,5.956691944444445
2023-04-21,Unknown,deleted,0.0,1216,0.0
2023-04-22,MSIL2A,synchronized,790.0133818415925,1379,5.144640000000001
2023-04-22,Unknown,deleted,0.0,1004,0.0
2023-04-23,MSIL2A,synchronized,781.8332754960284,1349,4.550047222222222
2023-04-23,Unknown,deleted,0.0,900,0.0
2023-04-24,MSIL2A,synchronized,756.290754839778,1327,4.678568333333334
2023-04-24,Unknown,deleted,0.0,990,0.0
2023-04-26,MSIL2A,synchronized,13.372877422720194,27,7.812070833333334
2023-04-27,MSIL2A,synchronized,1609.1264514289796,2777,12.281180277777779
2023-04-27,Unknown,deleted,0.0,1695,0.0
2023-04-28,MSIL2A,synchronized,589.0190314184874,1014,6.150963194444444
2023-04-28,Unknown,deleted,0.0,2566,0.0
2023-04-29,MSIL2A,synchronized,786.1431801132858,1416,4.788669722222222
2023-04-29,Unknown,deleted,0.0,347,0.0
2023-04-30,MSIL2A,synchronized,687.0787469502538,1243,4.4797513888888885
2023-04-30,Unknown,deleted,0.0,296,0.0
2023-05-01,MSIL2A,synchronized,794.7085576308891,1383,4.869692777777778
2023-05-01,Unknown,deleted,0.0,1173,0.0
2023-05-02,MSIL2A,synchronized,741.4176752492785,1290,4.627479305555555
2023-05-02,Unknown,deleted,0.0,1145,0.0
2023-05-03,MSIL2A,synchronized,738.6457259841263,1295,5.60468
2023-05-03,Unknown,deleted,0.0,418,0.0
2023-05-04,MSIL2A,synchronized,761.9503768095747,1351,5.162766388888889
2023-05-04,Unknown,deleted,0.0,709,0.0
2023-05-05,MSIL2A,synchronized,828.4232792556286,1442,4.600295833333334
2023-05-05,Unknown,deleted,0.0,17,0.0
2023-05-06,MSIL2A,synchronized,820.3949738498777,1435,4.672212222222222
2023-05-06,Unknown,deleted,0.0,86,0.0
2023-05-07,MSIL2A,synchronized,787.0168407540768,1397,4.414857222222222
2023-05-07,Unknown,deleted,0.0,45,0.0
2023-05-08,MSIL2A,synchronized,699.004934812896,1261,4.8581575
2023-05-08,Unknown,deleted,0.0,366,0.0
2023-03-01,MSIL2A,synchronized,444.7809243584052,741,10.2619325
2023-03-02,MSIL2A,synchronized,459.10250551905483,779,8.806722777777779
2023-03-03,MSIL2A,synchronized,306.07858569175005,529,10.406800833333334
2023-03-04,MSIL2A,synchronized,380.0904889944941,663,10.290311666666668
2023-03-05,MSIL2A,synchronized,518.8060697223991,907,10.704223888888889
2023-03-06,MSIL2A,synchronized,449.9663790408522,774,9.527970555555555
2023-03-07,MSIL2A,synchronized,449.1735307658091,770,9.913904722222222
2023-03-08,MSIL2A,synchronized,445.46619731001556,766,10.74285986111111
2023-03-09,MSIL2A,synchronized,302.3360090116039,578,13.35101263888889
2023-03-10,MSIL2A,synchronized,551.2183377156034,976,13.795948333333332
2023-03-11,MSIL2A,synchronized,632.4795214300975,1091,13.2818875
2023-03-12,MSIL2A,synchronized,474.52199238259345,832,12.453854861111111
2023-03-13,MSIL2A,synchronized,596.2773377336562,1073,11.792898055555554
2023-03-14,MSIL2A,synchronized,367.57910498511046,651,15.133681388888888
2023-03-15,MSIL2A,synchronized,494.57467954047024,867,19.139663055555555
2023-03-16,MSIL2A,synchronized,582.1548383282498,994,19.379037083333333
2023-03-17,MSIL2A,synchronized,654.9132188232616,1119,19.75643472222222
2023-03-18,MSIL2A,synchronized,660.4071945445612,1147,20.20465527777778
2023-03-19,MSIL2A,synchronized,625.9896522862837,1091,21.726673055555555
2023-03-20,MSIL2A,synchronized,1323.1233736947179,2338,19.23646777777778
2023-03-20,Unknown,deleted,0.0,74,0.0
2023-03-21,MSIL2A,synchronized,120.08495166711509,208,4.232627638888889
2023-03-21,Unknown,deleted,0.0,5,0.0
2023-03-22,MSIL2A,synchronized,603.0886911954731,1065,26.226985555555554
2023-03-23,MSIL2A,synchronized,709.0356318736449,1309,29.91203472222222
2023-03-24,MSIL2A,synchronized,591.9353714650497,1065,30.608778611111113
2023-03-25,MSIL2A,synchronized,656.055973100476,1142,33.126375
2023-03-26,MSIL2A,synchronized,726.4429819891229,1257,33.98441944444445
2023-03-27,MSIL2A,synchronized,578.7198348874226,999,34.40437555555555
2023-03-28,MSIL2A,synchronized,701.7199327610433,1197,36.28710916666667
2023-03-29,MSIL2A,synchronized,496.94008745625615,848,38.67547472222222
2023-03-30,MSIL2A,synchronized,750.0748585620895,1293,45.00118472222223
2023-03-31,MSIL2A,synchronized,770.4852661043406,1359,51.676815000000005
2023-04-01,MSIL2A,synchronized,361.9734967229888,649,58.79597611111111
2023-04-02,MSIL2A,synchronized,443.87627490703017,794,63.08923472222223
2023-04-03,MSIL2A,synchronized,825.8876680918038,1414,69.57883847222223
2023-04-04,MSIL2A,synchronized,791.9166652159765,1366,77.73032027777779
2023-04-05,MSIL2A,synchronized,340.67130896728486,560,83.77832541666666
2023-04-06,MSIL2A,synchronized,476.4863725891337,825,87.85939916666666
2023-04-07,MSIL2A,synchronized,834.1748083634302,1441,94.50454972222222
2023-04-08,MSIL2A,synchronized,644.1693906281143,1112,104.0491313888889
2023-04-09,MSIL2A,synchronized,230.18928325362504,415,107.76166944444445
2023-04-10,MSIL2A,synchronized,631.0661235926673,1171,114.05319638888888
2023-04-11,MSIL2A,synchronized,573.9821201693267,1028,122.06286013888888
2023-04-12,MSIL2A,synchronized,91.87552552949637,179,129.15558972222223
2023-04-13,MSIL2A,synchronized,28.73292655032128,57,165.04635722222224
2023-04-14,MSIL2A,synchronized,3479.789324540645,5950,119.4595126388889
2023-04-14,Unknown,deleted,0.0,297,0.0
2023-04-15,MSIL2A,synchronized,2950.4475733013824,5117,53.86147166666667
2023-04-15,Unknown,deleted,0.0,1228,0.0
2023-04-16,MSIL2A,synchronized,1433.4990594824776,2610,14.732180694444445
2023-04-16,Unknown,deleted,0.0,586,0.0
2023-04-17,MSIL2A,synchronized,787.4430265249684,1389,4.936005555555555
2023-04-17,Unknown,deleted,0.0,1189,0.0
2023-04-18,MSIL2A,synchronized,779.6976652368903,1371,4.837073611111111
2023-04-18,Unknown,deleted,0.0,1321,0.0
2023-04-19,MSIL2A,synchronized,801.1701536159962,1459,5.293956111111111
2023-04-19,Unknown,deleted,0.0,621,0.0
2023-04-20,MSIL2A,synchronized,855.7767679914832,1512,6.195784027777778
2023-04-20,Unknown,deleted,0.0,435,0.0
2023-04-21,MSIL2A,synchronized,812.8381734210998,1411,5.956691944444445
2023-04-21,Unknown,deleted,0.0,1216,0.0
2023-04-22,MSIL2A,synchronized,790.0133818415925,1379,5.144640000000001
2023-04-22,Unknown,deleted,0.0,1004,0.0
2023-04-23,MSIL2A,synchronized,781.8332754960284,1349,4.550047222222222
2023-04-23,Unknown,deleted,0.0,900,0.0
2023-04-24,MSIL2A,synchronized,756.290754839778,1327,4.678568333333334
2023-04-24,Unknown,deleted,0.0,990,0.0
2023-04-26,MSIL2A,synchronized,13.372877422720194,27,7.812070833333334
2023-04-27,MSIL2A,synchronized,1609.1264514289796,2777,12.281180277777779
2023-04-27,Unknown,deleted,0.0,1695,0.0
2023-04-28,MSIL2A,synchronized,589.0190314184874,1014,6.150963194444444
2023-04-28,Unknown,deleted,0.0,2566,0.0
2023-04-29,MSIL2A,synchronized,786.1431801132858,1416,4.788669722222222
2023-04-29,Unknown,deleted,0.0,347,0.0
2023-04-30,MSIL2A,synchronized,687.0787469502538,1243,4.4797513888888885
2023-04-30,Unknown,deleted,0.0,296,0.0
2023-05-01,MSIL2A,synchronized,794.7085576308891,1383,4.869692777777778
2023-05-01,Unknown,deleted,0.0,1173,0.0
2023-05-02,MSIL2A,synchronized,741.4176752492785,1290,4.627479305555555
2023-05-02,Unknown,deleted,0.0,1145,0.0
2023-05-03,MSIL2A,synchronized,738.6457259841263,1295,5.60468
2023-05-03,Unknown,deleted,0.0,418,0.0
2023-05-04,MSIL2A,synchronized,761.9503768095747,1351,5.162766388888889
2023-05-04,Unknown,deleted,0.0,709,0.0
2023-05-05,MSIL2A,synchronized,828.4232792556286,1442,4.600295833333334
2023-05-05,Unknown,deleted,0.0,17,0.0
2023-05-06,MSIL2A,synchronized,820.3949738498777,1435,4.672212222222222
2023-05-06,Unknown,deleted,0.0,86,0.0
2023-05-07,MSIL2A,synchronized,787.0168407540768,1397,4.414857222222222
2023-05-07,Unknown,deleted,0.0,45,0.0
2023-05-08,MSIL2A,synchronized,699.004934812896,1261,4.8581575
2023-05-08,Unknown,deleted,0.0,366,0.0
2023-06-11,MSIL2A,synchronized,760.0463033737615,1358,4.912799027777778
2023-06-11,Unknown,deleted,0.0,98,0.0
2023-06-12,MSIL2A,synchronized,786.1487441668287,1445,5.367140277777779
2023-06-12,Unknown,deleted,0.0,442,0.0
2023-06-13,MSIL2A,synchronized,804.7978713409975,1478,5.705965277777778
2023-06-13,Unknown,deleted,0.0,45,0.0
2023-06-15,MSIL2A,synchronized,709.1824243701994,1258,6.581326111111111
2023-06-15,Unknown,deleted,0.0,419,0.0
2023-06-16,MSIL2A,synchronized,770.078643633984,1365,5.083354444444445
2023-06-16,Unknown,deleted,0.0,475,0.0
2023-06-17,MSIL2A,synchronized,764.8236043862998,1350,5.659663611111111
2023-06-17,Unknown,deleted,0.0,567,0.0
2023-06-18,MSIL2A,synchronized,743.8820441858843,1363,5.4034025
2023-06-18,Unknown,deleted,0.0,87,0.0
2023-06-19,MSIL2A,synchronized,797.78152607847,1404,4.900109166666667
2023-06-19,Unknown,deleted,0.0,470,0.0
2023-06-20,MSIL2A,synchronized,730.4764084508643,1271,5.362452777777778
2023-06-20,Unknown,deleted,0.0,451,0.0
2023-06-21,MSIL2A,synchronized,760.670174988918,1336,4.839913888888889
2023-06-21,Unknown,deleted,0.0,206,0.0
2023-06-22,MSIL2A,synchronized,798.3418320473284,1413,7.2912888888888885
2023-06-22,Unknown,deleted,0.0,144,0.0
2023-06-23,MSIL2A,synchronized,259.3309976067394,487,949.3223233333333
2023-06-23,Unknown,deleted,0.0,61,0.0
2023-06-24,MSIL2A,synchronized,1914.4519548323005,3380,23.262284305555553
2023-06-24,Unknown,deleted,0.0,517,0.0
2023-06-25,MSIL2A,synchronized,890.1059555318207,1538,7.5367484722222216
2023-06-25,Unknown,deleted,0.0,29,0.0
2023-06-26,MSIL2A,synchronized,800.9447456784546,1398,4.786490694444445
2023-06-26,Unknown,deleted,0.0,195,0.0
2023-06-27,MSIL2A,synchronized,760.3015359882265,1324,6.139937638888888
2023-06-27,Unknown,deleted,0.0,241,0.0
2023-06-28,MSIL2A,synchronized,863.556916071102,1460,8.515691527777777
2023-06-28,Unknown,deleted,0.0,251,0.0
2023-06-29,MSIL2A,synchronized,963.8262097230181,1717,6.4532050000000005
2023-06-29,Unknown,deleted,0.0,136,0.0
2023-06-30,MSIL2A,synchronized,799.8733662851155,1403,6.144217222222222
2023-06-30,Unknown,deleted,0.0,164,0.0
2023-07-01,MSIL2A,synchronized,925.8519269730896,1543,7.764918611111111
2023-07-01,Unknown,deleted,0.0,167,0.0
2023-07-02,MSIL2A,synchronized,904.6424349825829,1522,5.669246527777777
2023-07-02,Unknown,deleted,0.0,136,0.0
2023-07-03,MSIL2A,synchronized,869.1262859338894,1439,4.919655555555555
2023-07-03,Unknown,deleted,0.0,268,0.0
2023-07-04,MSIL2A,synchronized,785.3747587995604,1342,5.153430138888889
2023-07-04,Unknown,deleted,0.0,137,0.0
2023-07-05,MSIL2A,synchronized,901.8847758825868,1542,5.847154027777778
2023-07-05,Unknown,deleted,0.0,216,0.0
2023-07-06,MSIL2A,synchronized,836.7355354055762,1424,5.73977486111111
2023-07-06,Unknown,deleted,0.0,89,0.0
2023-07-07,MSIL2A,synchronized,812.4747044593096,1369,5.915380833333333
2023-07-07,Unknown,deleted,0.0,248,0.0
2023-07-08,MSIL2A,synchronized,901.4310901258141,1590,5.6388625
2023-07-08,Unknown,deleted,0.0,102,0.0
2023-07-09,MSIL2A,synchronized,855.9022586522624,1507,5.070208611111111
2023-07-09,Unknown,deleted,0.0,42,0.0
2023-07-10,MSIL2A,synchronized,1308.6607164563611,2243,5.818623055555556
2023-07-10,Unknown,deleted,0.0,163,0.0
2023-07-11,MSIL2A,synchronized,218.7641741624102,484,9.469558194444444
2023-07-14,MSIL2A,synchronized,5985.764193265699,10448,103.07213736111112
2023-07-14,Unknown,deleted,0.0,27,0.0
2023-07-15,MSIL2A,synchronized,20.807854775339365,37,14.331285
2023-07-16,MSIL2A,synchronized,455.6814114069566,797,21.264604444444444
2023-07-18,MSIL2A,synchronized,825.7242001807317,1486,64.79241986111111
2023-07-19,MSIL2A,synchronized,821.4495728313923,1439,65.55604305555556
2023-07-20,MSIL2A,synchronized,841.9216746259481,1464,62.36311930555555
2023-07-21,MSIL2A,synchronized,1033.0544350314885,1814,60.024255
2023-07-22,MSIL2A,synchronized,803.7099834438413,1401,58.21315
2023-07-23,MSIL2A,synchronized,931.5173204187304,1619,56.29324083333333
2023-07-24,MSIL2A,synchronized,869.3403736539185,1501,53.748443055555555
2023-07-25,MSIL2A,synchronized,818.9042995618656,1401,9.542518611111111
2023-07-26,MSIL2A,synchronized,720.5318660046905,1253,7.475104722222222
2023-07-27,MSIL2A,synchronized,746.8855364071205,1291,54.55727972222222
2023-07-28,MSIL2A,synchronized,832.6459740968421,1436,32.44277527777778
2023-07-29,MSIL2A,synchronized,719.5291014621034,1302,7.1201454166666664
2023-07-30,MSIL2A,synchronized,727.7844203533605,1298,8.492887499999998
2023-07-31,MSIL2A,synchronized,639.8952763555571,1135,11.280404444444445
2023-08-01,MSIL2A,synchronized,796.7939307857305,1392,8.55614986111111
2023-08-02,MSIL2A,synchronized,890.5091825062409,1564,61.36766361111111
2023-08-03,MSIL2A,synchronized,887.23239977099,1502,59.55789972222222
2023-08-04,MSIL2A,synchronized,855.7499265298247,1485,8.916680277777777
2023-08-05,MSIL2A,synchronized,717.0844723135233,1274,7.567017916666666
2023-08-06,MSIL2A,synchronized,816.6956953397021,1455,61.12115638888889
2023-08-07,MSIL2A,synchronized,813.380788449198,1442,61.14299138888889
2023-08-08,MSIL2A,synchronized,895.3726811306551,1612,23.71157513888889
2023-08-09,MSIL2A,synchronized,687.9447945998982,1217,18.457047777777777
2023-08-10,MSIL2A,synchronized,1005.6916058948264,1722,10.953348472222222
2023-08-11,MSIL2A,synchronized,720.2767444867641,1295,9.429292222222221
2023-08-12,MSIL2A,synchronized,612.9412603722885,1098,8.209286944444445
2023-08-13,MSIL2A,synchronized,605.2548069348559,1083,8.440098055555556
2023-08-14,MSIL2A,synchronized,617.2582924282178,1165,10.0816225
2023-08-15,MSIL2A,synchronized,714.1565006235614,1278,17.28184152777778
2023-08-16,MSIL2A,synchronized,713.7666794182733,1274,21.803339722222223
2023-08-17,MSIL2A,synchronized,712.0678395144641,1291,23.264865277777776
2023-08-18,MSIL2A,synchronized,798.5963831068948,1456,8.381632777777778
2023-08-19,MSIL2A,synchronized,782.2487611817196,1391,7.5140336111111115
2023-08-20,MSIL2A,synchronized,775.0238567311317,1355,24.329172777777778
2023-08-21,MSIL2A,synchronized,96.71133059542626,192,12.734136527777778
2023-08-20,MSIL2A,synchronized,775.0238567311317,1355,24.329172777777778
2023-08-21,MSIL2A,synchronized,96.71133059542626,192,12.734136527777778
2023-08-22,MSIL2A,synchronized,1323.4654829492792,2304,26.347662777777778
2023-08-22,Unknown,deleted,0.0,11,0.0
2023-08-23,MSIL2A,synchronized,463.3723322460428,808,23.372280694444445
2023-08-23,Unknown,deleted,0.0,143,0.0
2023-08-24,MSIL2A,synchronized,2384.835714260116,3977,28.42022361111111
2023-08-24,Unknown,deleted,0.0,250,0.0
2023-08-25,MSIL2A,synchronized,281.76219877414405,450,17.864253194444444
2023-08-25,Unknown,deleted,0.0,12,0.0
2023-08-26,MSIL2A,synchronized,189.12494829390198,338,20.694711805555556
2023-08-26,Unknown,deleted,0.0,11,0.0
2023-08-27,MSIL2A,synchronized,59.81348550040275,102,40.441436111111116
2023-08-27,Unknown,deleted,0.0,3,0.0
2023-08-28,MSIL2A,synchronized,344.6370108416304,598,71.46885305555556
2023-08-28,Unknown,deleted,0.0,17,0.0
2023-08-29,MSIL2A,synchronized,75.1828806726262,146,93.12673055555555
2023-08-29,Unknown,deleted,0.0,6,0.0
2023-08-30,MSIL2A,synchronized,181.16693512909114,318,108.71720527777777
2023-08-30,Unknown,deleted,0.0,9,0.0
2023-08-31,MSIL2A,synchronized,4921.909955956973,8464,55.07877902777778
2023-08-31,Unknown,deleted,0.0,21,0.0
2023-09-01,MSIL2A,synchronized,825.7549436204135,1455,6.979037222222222
2023-09-01,Unknown,deleted,0.0,2,0.0
2023-09-02,MSIL2A,synchronized,792.4514869721606,1400,7.136667638888889
2023-09-03,MSIL2A,synchronized,822.0413983948529,1450,7.0485645833333335
2023-09-04,MSIL2A,synchronized,835.8334889095277,1481,7.4041572222222225
2023-09-05,MSIL2A,synchronized,628.2185282949358,1121,9.187149722222223
2023-09-06,MSIL2A,synchronized,200.30775029864162,334,11.293306666666666
2023-09-07,MSIL2A,synchronized,1184.0675207795575,2199,17.648875833333335
2023-09-09,MSIL2A,synchronized,831.1241034250706,1461,10.645824444444445
2023-09-10,MSIL2A,synchronized,1031.8320510536432,1768,9.282233194444444
2023-09-11,MSIL2A,synchronized,787.559779882431,1406,7.098597361111111
2023-09-13,MSIL2A,synchronized,334.21578307263553,566,35.5890175
2023-01-01,MSIL2A,synchronized,67.10490135382861,112,4.575009861111111
2023-01-02,MSIL2A,synchronized,60.35422265715897,104,4.298062916666667
2023-01-03,MSIL2A,synchronized,72.4088647281751,110,4.557073888888889
2023-01-04,MSIL2A,synchronized,57.690259818919,110,3.7074706944444444
2023-01-05,MSIL2A,synchronized,67.60377026442438,115,4.189876666666667
2023-01-06,MSIL2A,synchronized,76.62027443572879,126,5.007691250000001
2023-01-07,MSIL2A,synchronized,64.08719694335014,111,4.439998888888889
2023-01-08,MSIL2A,synchronized,71.15066405199468,123,4.755566388888889
2023-01-09,MSIL2A,synchronized,73.32170259114355,129,5.5038913888888885
2023-01-10,MSIL2A,synchronized,70.99146582558751,125,4.640605555555555
2023-01-11,MSIL2A,synchronized,81.74537065904588,146,5.028670972222222
2023-01-12,MSIL2A,synchronized,70.8745443187654,122,4.204256388888889
2023-01-13,MSIL2A,synchronized,44.68054107390344,73,5.070649166666667
2023-01-14,MSIL2A,synchronized,49.650193753652275,108,4.212818055555555
2023-01-15,MSIL2A,synchronized,57.76303749252111,109,4.3338777777777775
2023-01-16,MSIL2A,synchronized,62.86702794209123,102,5.242966527777778
2023-01-17,MSIL2A,synchronized,66.40571098588407,129,3.8154363888888887
2023-01-18,MSIL2A,synchronized,66.62097009364516,118,10.615002638888889
2023-01-19,MSIL2A,synchronized,99.47460017260164,166,5.7608154166666665
2023-01-20,MSIL2A,synchronized,110.67433409020305,184,5.823408888888889
2023-01-21,MSIL2A,synchronized,123.02740081772208,196,5.654328055555556
2023-01-22,MSIL2A,synchronized,105.75881215371192,177,5.293124166666667
2023-01-23,MSIL2A,synchronized,116.41879876889288,198,6.315685138888888
2023-01-24,MSIL2A,synchronized,112.80294651258737,211,4.273988611111111
2023-01-25,MSIL2A,synchronized,112.06718908064067,202,5.109511666666666
2023-01-26,MSIL2A,synchronized,146.00897944252938,233,8.304476944444444
2023-01-27,MSIL2A,synchronized,137.2282378161326,223,4.976426666666666
2023-01-28,MSIL2A,synchronized,134.05832393467426,235,5.482149722222222
2023-01-29,MSIL2A,synchronized,132.54575294535607,249,5.398133333333333
2023-01-30,MSIL2A,synchronized,147.58996693603694,261,6.686465
2023-01-31,MSIL2A,synchronized,164.1672265669331,279,4.832154444444445
2023-02-01,MSIL2A,synchronized,150.6978130042553,255,4.826480277777778
2023-02-02,MSIL2A,synchronized,164.29065215215087,287,5.4647322222222225
2023-02-03,MSIL2A,synchronized,172.6961806025356,308,4.556094861111111
2023-02-04,MSIL2A,synchronized,174.97066523693502,296,5.569719583333333
2023-02-05,MSIL2A,synchronized,179.6029920121655,317,5.692073611111111
2023-02-06,MSIL2A,synchronized,182.10870450455695,316,5.700646527777778
2023-02-07,MSIL2A,synchronized,32.289665857329965,69,2.4866997222222222
2023-02-08,MSIL2A,synchronized,154.22713823523372,284,29.943112083333332
2023-02-09,MSIL2A,synchronized,31.24605189356953,58,24.300380416666666
2023-02-10,MSIL2A,synchronized,371.6287746299058,682,18.13206111111111
2023-02-11,MSIL2A,synchronized,221.6108345584944,381,24.4677
2023-02-12,MSIL2A,synchronized,220.3198714312166,364,21.98889722222222
2023-02-13,MSIL2A,synchronized,145.61862985324115,255,28.163726388888886
2023-02-15,MSIL2A,synchronized,541.0586311379448,950,47.98458986111111
2023-02-15,Unknown,deleted,0.0,1,0.0
2023-02-16,MSIL2A,synchronized,542.6833419110626,970,20.05382458333333
2023-02-16,Unknown,deleted,0.0,12,0.0
2023-02-17,MSIL2A,synchronized,265.8351178318262,474,6.506080833333334
2023-02-18,MSIL2A,synchronized,258.9425454046577,486,5.458640694444444
2023-02-19,MSIL2A,synchronized,288.06259960401803,531,6.744965
2023-02-20,MSIL2A,synchronized,322.7735840473324,563,7.161631666666667
2023-02-21,MSIL2A,synchronized,303.1419298918918,517,8.460812777777777
2023-02-22,MSIL2A,synchronized,351.8691258886829,587,8.00963
2023-02-23,MSIL2A,synchronized,292.70725949294865,532,9.514373888888889
2023-02-24,MSIL2A,synchronized,394.08464352972806,694,9.239809305555555
2023-02-25,MSIL2A,synchronized,376.21282854676247,629,9.136593333333332
2023-02-26,MSIL2A,synchronized,366.8203925471753,609,8.592818055555556
2023-02-27,MSIL2A,synchronized,392.01880944520235,678,8.590047222222221
2023-02-28,MSIL2A,synchronized,345.40033216401935,601,9.066900555555556
2023-03-01,MSIL2A,synchronized,444.7809243584052,741,10.2619325
2023-03-02,MSIL2A,synchronized,459.10250551905483,779,8.806722777777779
2023-03-03,MSIL2A,synchronized,306.07858569175005,529,10.406800833333334
2023-03-04,MSIL2A,synchronized,380.0904889944941,663,10.290311666666668
2023-03-05,MSIL2A,synchronized,518.8060697223991,907,10.704223888888889
2023-03-06,MSIL2A,synchronized,449.9663790408522,774,9.527970555555555
2023-03-07,MSIL2A,synchronized,449.1735307658091,770,9.913904722222222
2023-03-08,MSIL2A,synchronized,445.46619731001556,766,10.74285986111111
2023-03-09,MSIL2A,synchronized,302.3360090116039,578,13.35101263888889
2023-03-10,MSIL2A,synchronized,551.2183377156034,976,13.795948333333332
2023-03-11,MSIL2A,synchronized,632.4795214300975,1091,13.2818875
2023-03-12,MSIL2A,synchronized,474.52199238259345,832,12.453854861111111
2023-03-13,MSIL2A,synchronized,596.2773377336562,1073,11.792898055555554
2023-03-14,MSIL2A,synchronized,367.57910498511046,651,15.133681388888888
2023-03-15,MSIL2A,synchronized,494.57467954047024,867,19.139663055555555
2023-03-16,MSIL2A,synchronized,582.1548383282498,994,19.379037083333333
2023-03-17,MSIL2A,synchronized,654.9132188232616,1119,19.75643472222222
2023-03-18,MSIL2A,synchronized,660.4071945445612,1147,20.20465527777778
2023-03-19,MSIL2A,synchronized,625.9896522862837,1091,21.726673055555555
2023-03-20,MSIL2A,synchronized,1323.1233736947179,2338,19.23646777777778
2023-03-20,Unknown,deleted,0.0,74,0.0
2023-03-21,MSIL2A,synchronized,120.08495166711509,208,4.232627638888889
2023-03-21,Unknown,deleted,0.0,5,0.0
2023-03-22,MSIL2A,synchronized,603.0886911954731,1065,26.226985555555554
2023-03-23,MSIL2A,synchronized,709.0356318736449,1309,29.91203472222222
2023-03-24,MSIL2A,synchronized,591.9353714650497,1065,30.608778611111113
2023-03-25,MSIL2A,synchronized,656.055973100476,1142,33.126375
2023-03-26,MSIL2A,synchronized,726.4429819891229,1257,33.98441944444445
2023-03-27,MSIL2A,synchronized,578.7198348874226,999,34.40437555555555
2023-03-28,MSIL2A,synchronized,701.7199327610433,1197,36.28710916666667
2023-03-29,MSIL2A,synchronized,496.94008745625615,848,38.67547472222222
2023-03-30,MSIL2A,synchronized,750.0748585620895,1293,45.00118472222223
2023-03-31,MSIL2A,synchronized,770.4852661043406,1359,51.676815000000005
2023-04-01,MSIL2A,synchronized,361.9734967229888,649,58.79597611111111
2023-04-02,MSIL2A,synchronized,443.87627490703017,794,63.08923472222223
2023-04-03,MSIL2A,synchronized,825.8876680918038,1414,69.57883847222223
2023-04-04,MSIL2A,synchronized,791.9166652159765,1366,77.73032027777779
2023-04-05,MSIL2A,synchronized,340.67130896728486,560,83.77832541666666
2023-04-06,MSIL2A,synchronized,476.4863725891337,825,87.85939916666666
2023-04-07,MSIL2A,synchronized,834.1748083634302,1441,94.50454972222222
2023-04-08,MSIL2A,synchronized,644.1693906281143,1112,104.0491313888889
2023-04-09,MSIL2A,synchronized,230.18928325362504,415,107.76166944444445
2023-04-10,MSIL2A,synchronized,631.0661235926673,1171,114.05319638888888
2023-04-11,MSIL2A,synchronized,573.9821201693267,1028,122.06286013888888
2023-04-12,MSIL2A,synchronized,91.87552552949637,179,129.15558972222223
2023-04-13,MSIL2A,synchronized,28.73292655032128,57,165.04635722222224
2023-04-14,MSIL2A,synchronized,3479.789324540645,5950,119.4595126388889
2023-04-14,Unknown,deleted,0.0,297,0.0
2023-04-15,MSIL2A,synchronized,2950.4475733013824,5117,53.86147166666667
2023-04-15,Unknown,deleted,0.0,1228,0.0
2023-04-16,MSIL2A,synchronized,1433.4990594824776,2610,14.732180694444445
2023-04-16,Unknown,deleted,0.0,586,0.0
2023-04-17,MSIL2A,synchronized,787.4430265249684,1389,4.936005555555555
2023-04-17,Unknown,deleted,0.0,1189,0.0
2023-04-18,MSIL2A,synchronized,779.6976652368903,1371,4.837073611111111
2023-04-18,Unknown,deleted,0.0,1321,0.0
2023-04-19,MSIL2A,synchronized,801.1701536159962,1459,5.293956111111111
2023-04-19,Unknown,deleted,0.0,621,0.0
2023-04-20,MSIL2A,synchronized,855.7767679914832,1512,6.195784027777778
2023-04-20,Unknown,deleted,0.0,435,0.0
2023-04-21,MSIL2A,synchronized,812.8381734210998,1411,5.956691944444445
2023-04-21,Unknown,deleted,0.0,1216,0.0
2023-04-22,MSIL2A,synchronized,790.0133818415925,1379,5.144640000000001
2023-04-22,Unknown,deleted,0.0,1004,0.0
2023-04-23,MSIL2A,synchronized,781.8332754960284,1349,4.550047222222222
2023-04-23,Unknown,deleted,0.0,900,0.0
2023-04-24,MSIL2A,synchronized,756.290754839778,1327,4.678568333333334
2023-04-24,Unknown,deleted,0.0,990,0.0
2023-04-26,MSIL2A,synchronized,13.372877422720194,27,7.812070833333334
2023-04-27,MSIL2A,synchronized,1609.1264514289796,2777,12.281180277777779
2023-04-27,Unknown,deleted,0.0,1695,0.0
2023-04-28,MSIL2A,synchronized,589.0190314184874,1014,6.150963194444444
2023-04-28,Unknown,deleted,0.0,2566,0.0
2023-04-29,MSIL2A,synchronized,786.1431801132858,1416,4.788669722222222
2023-04-29,Unknown,deleted,0.0,347,0.0
2023-04-30,MSIL2A,synchronized,687.0787469502538,1243,4.4797513888888885
2023-04-30,Unknown,deleted,0.0,296,0.0
2023-05-01,MSIL2A,synchronized,794.7085576308891,1383,4.869692777777778
2023-05-01,Unknown,deleted,0.0,1173,0.0
2023-05-02,MSIL2A,synchronized,741.4176752492785,1290,4.627479305555555
2023-05-02,Unknown,deleted,0.0,1145,0.0
2023-05-03,MSIL2A,synchronized,738.6457259841263,1295,5.60468
2023-05-03,Unknown,deleted,0.0,418,0.0
2023-05-04,MSIL2A,synchronized,761.9503768095747,1351,5.162766388888889
2023-05-04,Unknown,deleted,0.0,709,0.0
2023-05-05,MSIL2A,synchronized,828.4232792556286,1442,4.600295833333334
2023-05-05,Unknown,deleted,0.0,17,0.0
2023-05-06,MSIL2A,synchronized,820.3949738498777,1435,4.672212222222222
2023-05-06,Unknown,deleted,0.0,86,0.0
2023-05-07,MSIL2A,synchronized,787.0168407540768,1397,4.414857222222222
2023-05-07,Unknown,deleted,0.0,45,0.0
2023-05-08,MSIL2A,synchronized,699.004934812896,1261,4.8581575
2023-05-08,Unknown,deleted,0.0,366,0.0
2023-05-09,MSIL2A,synchronized,767.1983628245071,1435,4.4384097222222225
2023-05-09,Unknown,deleted,0.0,633,0.0
2023-05-10,MSIL2A,synchronized,782.7633764790371,1430,4.581458472222222
2023-05-10,Unknown,deleted,0.0,291,0.0
2023-05-11,MSIL2A,synchronized,740.2681839186698,1375,6.5647375
2023-05-11,Unknown,deleted,0.0,228,0.0
2023-05-12,MSIL2A,synchronized,757.9662202624604,1372,5.983832222222222
2023-05-12,Unknown,deleted,0.0,447,0.0
2023-05-13,MSIL2A,synchronized,757.8351941481233,1402,4.735158194444445
2023-05-13,Unknown,deleted,0.0,309,0.0
2023-05-14,MSIL2A,synchronized,784.4685934986919,1437,4.46067
2023-05-14,Unknown,deleted,0.0,81,0.0
2023-05-15,MSIL2A,synchronized,749.8818348078057,1341,4.644737777777778
2023-05-15,Unknown,deleted,0.0,519,0.0
2023-05-16,MSIL2A,synchronized,812.1911044921726,1461,5.199457499999999
2023-05-16,Unknown,deleted,0.0,276,0.0
2023-05-17,MSIL2A,synchronized,761.6057021021843,1391,4.502295
2023-05-17,Unknown,deleted,0.0,248,0.0
2023-05-18,MSIL2A,synchronized,719.0659419503063,1258,7.211412916666666
2023-05-18,Unknown,deleted,0.0,100,0.0
2023-05-19,MSIL2A,synchronized,841.5544996280223,1483,4.6659605555555554
2023-05-19,Unknown,deleted,0.0,246,0.0
2023-05-20,MSIL2A,synchronized,10.894284661859274,28,6.047217916666667
2023-05-25,MSIL2A,synchronized,1779.3016313966364,3244,104.87137305555555
2023-05-25,Unknown,deleted,0.0,94,0.0
2023-05-26,MSIL2A,synchronized,3703.305653229356,6708,46.28758083333334
2023-05-26,Unknown,deleted,0.0,562,0.0
2023-05-27,MSIL2A,synchronized,726.8680674685165,1299,4.774392777777777
2023-05-27,Unknown,deleted,0.0,510,0.0
2023-05-28,MSIL2A,synchronized,722.7631254605949,1281,5.127830277777777
2023-05-28,Unknown,deleted,0.0,570,0.0
2023-05-29,MSIL2A,synchronized,809.1623668819666,1469,4.86433361111111
2023-05-29,Unknown,deleted,0.0,639,0.0
2023-05-30,MSIL2A,synchronized,769.1374334525317,1384,5.721052638888889
2023-05-30,Unknown,deleted,0.0,481,0.0
2023-05-31,MSIL2A,synchronized,607.112613956444,1130,5.69083875
2023-05-31,Unknown,deleted,0.0,613,0.0
2023-06-01,MSIL2A,synchronized,624.3484878959134,1143,7.683933333333333
2023-06-01,Unknown,deleted,0.0,21,0.0
2023-06-02,MSIL2A,synchronized,909.0192079357803,1621,5.865854722222222
2023-06-02,Unknown,deleted,0.0,597,0.0
2023-06-03,MSIL2A,synchronized,759.1741515835747,1418,4.676398472222223
2023-06-03,Unknown,deleted,0.0,180,0.0
2023-06-04,MSIL2A,synchronized,752.8415229637176,1393,7.242789166666667
2023-06-04,Unknown,deleted,0.0,26,0.0
2023-06-05,MSIL2A,synchronized,805.8149349810556,1427,5.786104166666666
2023-06-05,Unknown,deleted,0.0,226,0.0
2023-06-06,MSIL2A,synchronized,821.1626408640295,1453,4.871574444444445
2023-06-06,Unknown,deleted,0.0,177,0.0
2023-06-07,MSIL2A,synchronized,754.6388973100111,1370,5.298151805555556
2023-06-07,Unknown,deleted,0.0,266,0.0
2023-06-08,MSIL2A,synchronized,800.0918974978849,1469,6.1312822222222225
2023-06-08,Unknown,deleted,0.0,33,0.0
2023-06-09,MSIL2A,synchronized,789.466224886477,1400,4.734192500000001
2023-06-09,Unknown,deleted,0.0,104,0.0
2023-06-10,MSIL2A,synchronized,704.1542183766142,1231,5.3908152777777785
2023-06-10,Unknown,deleted,0.0,423,0.0
2023-06-11,MSIL2A,synchronized,760.0463033737615,1358,4.912799027777778
2023-06-11,Unknown,deleted,0.0,98,0.0
2023-06-12,MSIL2A,synchronized,786.1487441668287,1445,5.367140277777779
2023-06-12,Unknown,deleted,0.0,442,0.0
2023-06-13,MSIL2A,synchronized,804.7978713409975,1478,5.705965277777778
2023-06-13,Unknown,deleted,0.0,45,0.0
2023-06-14,MSIL2A,synchronized,708.8560791444033,1271,4.728060833333333
2023-06-14,Unknown,deleted,0.0,437,0.0
2023-06-15,MSIL2A,synchronized,709.1824243701994,1258,6.581326111111111
2023-06-15,Unknown,deleted,0.0,419,0.0
2023-06-16,MSIL2A,synchronized,770.078643633984,1365,5.083354444444445
2023-06-16,Unknown,deleted,0.0,475,0.0
2023-06-17,MSIL2A,synchronized,764.8236043862998,1350,5.659663611111111
2023-06-17,Unknown,deleted,0.0,567,0.0
2023-06-18,MSIL2A,synchronized,743.8820441858843,1363,5.4034025
2023-06-18,Unknown,deleted,0.0,87,0.0
2023-06-19,MSIL2A,synchronized,797.78152607847,1404,4.900109166666667
2023-06-19,Unknown,deleted,0.0,470,0.0
2023-06-20,MSIL2A,synchronized,730.4764084508643,1271,5.362452777777778
2023-06-20,Unknown,deleted,0.0,451,0.0
2023-06-21,MSIL2A,synchronized,760.670174988918,1336,4.839913888888889
2023-06-21,Unknown,deleted,0.0,206,0.0
2023-06-22,MSIL2A,synchronized,798.3418320473284,1413,7.2912888888888885
2023-06-22,Unknown,deleted,0.0,144,0.0
2023-06-23,MSIL2A,synchronized,259.3309976067394,487,949.3223233333333
2023-06-23,Unknown,deleted,0.0,61,0.0
2023-06-24,MSIL2A,synchronized,1914.4519548323005,3380,23.262284305555553
2023-06-24,Unknown,deleted,0.0,517,0.0
2023-06-25,MSIL2A,synchronized,890.1059555318207,1538,7.5367484722222216
2023-06-25,Unknown,deleted,0.0,29,0.0
2023-06-26,MSIL2A,synchronized,800.9447456784546,1398,4.786490694444445
2023-06-26,Unknown,deleted,0.0,195,0.0
2023-06-27,MSIL2A,synchronized,760.3015359882265,1324,6.139937638888888
2023-06-27,Unknown,deleted,0.0,241,0.0
2023-06-28,MSIL2A,synchronized,863.556916071102,1460,8.515691527777777
2023-06-28,Unknown,deleted,0.0,251,0.0
2023-06-29,MSIL2A,synchronized,963.8262097230181,1717,6.4532050000000005
2023-06-29,Unknown,deleted,0.0,136,0.0
2023-06-30,MSIL2A,synchronized,799.8733662851155,1403,6.144217222222222
2023-06-30,Unknown,deleted,0.0,164,0.0
2023-07-01,MSIL2A,synchronized,925.8519269730896,1543,7.764918611111111
2023-07-01,Unknown,deleted,0.0,167,0.0
2023-07-02,MSIL2A,synchronized,904.6424349825829,1522,5.669246527777777
2023-07-02,Unknown,deleted,0.0,136,0.0
2023-07-03,MSIL2A,synchronized,869.1262859338894,1439,4.919655555555555
2023-07-03,Unknown,deleted,0.0,268,0.0
2023-07-04,MSIL2A,synchronized,785.3747587995604,1342,5.153430138888889
2023-07-04,Unknown,deleted,0.0,137,0.0
2023-07-05,MSIL2A,synchronized,901.8847758825868,1542,5.847154027777778
2023-07-05,Unknown,deleted,0.0,216,0.0
2023-07-06,MSIL2A,synchronized,836.7355354055762,1424,5.73977486111111
2023-07-06,Unknown,deleted,0.0,89,0.0
2023-07-07,MSIL2A,synchronized,812.4747044593096,1369,5.915380833333333
2023-07-07,Unknown,deleted,0.0,248,0.0
2023-07-08,MSIL2A,synchronized,901.4310901258141,1590,5.6388625
2023-07-08,Unknown,deleted,0.0,102,0.0
2023-07-09,MSIL2A,synchronized,855.9022586522624,1507,5.070208611111111
2023-07-09,Unknown,deleted,0.0,42,0.0
2023-07-10,MSIL2A,synchronized,1308.6607164563611,2243,5.818623055555556
2023-07-10,Unknown,deleted,0.0,163,0.0
2023-07-11,MSIL2A,synchronized,218.7641741624102,484,9.469558194444444
2023-07-14,MSIL2A,synchronized,5985.764193265699,10448,103.07213736111112
2023-07-14,Unknown,deleted,0.0,27,0.0
2023-07-15,MSIL2A,synchronized,20.807854775339365,37,14.331285
2023-07-16,MSIL2A,synchronized,455.6814114069566,797,21.264604444444444
2023-07-17,MSIL2A,synchronized,1043.764819610864,1867,17.86442
2023-07-18,MSIL2A,synchronized,825.7242001807317,1486,64.79241986111111
2023-07-19,MSIL2A,synchronized,821.4495728313923,1439,65.55604305555556
2023-07-20,MSIL2A,synchronized,841.9216746259481,1464,62.36311930555555
2023-07-21,MSIL2A,synchronized,1033.0544350314885,1814,60.024255
2023-07-22,MSIL2A,synchronized,803.7099834438413,1401,58.21315
2023-07-23,MSIL2A,synchronized,931.5173204187304,1619,56.29324083333333
2023-07-24,MSIL2A,synchronized,869.3403736539185,1501,53.748443055555555
2023-07-25,MSIL2A,synchronized,818.9042995618656,1401,9.542518611111111
2023-07-26,MSIL2A,synchronized,720.5318660046905,1253,7.475104722222222
2023-07-27,MSIL2A,synchronized,746.8855364071205,1291,54.55727972222222
2023-07-28,MSIL2A,synchronized,832.6459740968421,1436,32.44277527777778
2023-07-29,MSIL2A,synchronized,719.5291014621034,1302,7.1201454166666664
2023-07-30,MSIL2A,synchronized,727.7844203533605,1298,8.492887499999998
2023-07-31,MSIL2A,synchronized,639.8952763555571,1135,11.280404444444445
2023-08-01,MSIL2A,synchronized,796.7939307857305,1392,8.55614986111111
2023-08-02,MSIL2A,synchronized,890.5091825062409,1564,61.36766361111111
2023-08-03,MSIL2A,synchronized,887.23239977099,1502,59.55789972222222
2023-08-04,MSIL2A,synchronized,855.7499265298247,1485,8.916680277777777
2023-08-05,MSIL2A,synchronized,717.0844723135233,1274,7.567017916666666
2023-08-06,MSIL2A,synchronized,816.6956953397021,1455,61.12115638888889
2023-08-07,MSIL2A,synchronized,813.380788449198,1442,61.14299138888889
2023-08-08,MSIL2A,synchronized,895.3726811306551,1612,23.71157513888889
2023-08-09,MSIL2A,synchronized,687.9447945998982,1217,18.457047777777777
2023-08-10,MSIL2A,synchronized,1005.6916058948264,1722,10.953348472222222
2023-08-11,MSIL2A,synchronized,720.2767444867641,1295,9.429292222222221
2023-08-12,MSIL2A,synchronized,612.9412603722885,1098,8.209286944444445
2023-08-13,MSIL2A,synchronized,605.2548069348559,1083,8.440098055555556
2023-08-14,MSIL2A,synchronized,617.2582924282178,1165,10.0816225
2023-08-15,MSIL2A,synchronized,714.1565006235614,1278,17.28184152777778
2023-08-16,MSIL2A,synchronized,713.7666794182733,1274,21.803339722222223
2023-08-17,MSIL2A,synchronized,712.0678395144641,1291,23.264865277777776
2023-08-18,MSIL2A,synchronized,798.5963831068948,1456,8.381632777777778
2023-08-19,MSIL2A,synchronized,782.2487611817196,1391,7.5140336111111115
2023-08-20,MSIL2A,synchronized,775.0238567311317,1355,24.329172777777778
2023-08-21,MSIL2A,synchronized,96.71133059542626,192,12.734136527777778
2023-08-22,MSIL2A,synchronized,1323.4654829492792,2304,26.347662777777778
2023-08-22,Unknown,deleted,0.0,11,0.0
2023-08-23,MSIL2A,synchronized,463.3723322460428,808,23.372280694444445
2023-08-23,Unknown,deleted,0.0,143,0.0
2023-08-24,MSIL2A,synchronized,2384.835714260116,3977,28.42022361111111
2023-08-24,Unknown,deleted,0.0,250,0.0
2023-08-25,MSIL2A,synchronized,281.76219877414405,450,17.864253194444444
2023-08-25,Unknown,deleted,0.0,12,0.0
2023-08-26,MSIL2A,synchronized,189.12494829390198,338,20.694711805555556
2023-08-26,Unknown,deleted,0.0,11,0.0
2023-08-27,MSIL2A,synchronized,59.81348550040275,102,40.441436111111116
2023-08-27,Unknown,deleted,0.0,3,0.0
2023-08-28,MSIL2A,synchronized,344.6370108416304,598,71.46885305555556
2023-08-28,Unknown,deleted,0.0,17,0.0
2023-08-29,MSIL2A,synchronized,75.1828806726262,146,93.12673055555555
2023-08-29,Unknown,deleted,0.0,6,0.0
2023-08-30,MSIL2A,synchronized,181.16693512909114,318,108.71720527777777
2023-08-30,Unknown,deleted,0.0,9,0.0
2023-08-31,MSIL2A,synchronized,4921.909955956973,8464,55.07877902777778
2023-08-31,Unknown,deleted,0.0,21,0.0
2023-09-01,MSIL2A,synchronized,825.7549436204135,1455,6.979037222222222
2023-09-01,Unknown,deleted,0.0,2,0.0
2023-09-02,MSIL2A,synchronized,792.4514869721606,1400,7.136667638888889
2023-09-03,MSIL2A,synchronized,822.0413983948529,1450,7.0485645833333335
2023-09-04,MSIL2A,synchronized,835.8334889095277,1481,7.4041572222222225
2023-09-05,MSIL2A,synchronized,628.2185282949358,1121,9.187149722222223
2023-09-06,MSIL2A,synchronized,200.30775029864162,334,11.293306666666666
2023-09-07,MSIL2A,synchronized,1184.0675207795575,2199,17.648875833333335
2023-09-08,MSIL2A,synchronized,817.9424104634672,1442,18.932319722222225
2023-09-09,MSIL2A,synchronized,831.1241034250706,1461,10.645824444444445
2023-09-10,MSIL2A,synchronized,1031.8320510536432,1768,9.282233194444444
2023-09-11,MSIL2A,synchronized,787.559779882431,1406,7.098597361111111
2023-09-12,MSIL2A,synchronized,133.55750917177647,252,10.979259444444445
2023-09-12,Unknown,deleted,0.0,54,0.0
2023-09-13,MSIL2A,synchronized,334.21578307263553,566,35.5890175
2023-09-14,MSIL2A,synchronized,1345.7282882509753,2307,25.737735
2023-09-15,MSIL2A,synchronized,723.0778235942125,1244,11.547273472222223
2023-09-16,MSIL2A,synchronized,458.8623476549983,776,17.17584652777778
2023-09-16,Unknown,deleted,0.0,182,0.0
2023-09-17,Unknown,deleted,0.0,1,0.0
2023-09-18,MSIL2A,synchronized,1108.7329461202025,1960,49.23243444444445
2023-09-18,Unknown,deleted,0.0,91,0.0
2023-09-20,MSIL2A,synchronized,325.31555067468435,533,83.79015555555556
2023-09-21,MSIL2A,synchronized,2494.7311928179115,4321,75.05941833333334
2023-09-21,Unknown,deleted,0.0,697,0.0
2023-09-22,MSIL2A,synchronized,1857.5775513779372,3228,15.642881666666668
2023-09-22,Unknown,deleted,0.0,79,0.0
2023-09-23,MSIL2A,synchronized,700.6299470858648,1211,6.065625
2023-09-24,MSIL2A,synchronized,566.621350822039,971,6.826804722222222
2023-10-06,MSIL2A,synchronized,474.7086660414934,828,5.2273725
2023-10-07,MSIL2A,synchronized,466.98259344510734,810,5.514866111111111
2023-10-08,MSIL2A,synchronized,442.7363582588732,805,6.515071388888889
2023-10-09,MSIL2A,synchronized,418.44482376705855,723,6.924314444444445
2023-10-10,MSIL2A,synchronized,432.57225131615996,748,5.964635833333333
2023-10-11,MSIL2A,synchronized,375.2978363484144,715,6.180866666666667
2023-10-12,MSIL2A,synchronized,418.54348591249436,723,6.5593908333333335
2023-10-13,MSIL2A,synchronized,396.0178751787171,677,5.128818611111111
2023-10-14,MSIL2A,synchronized,348.97362954728305,617,5.970425277777777
2023-10-15,MSIL2A,synchronized,358.71850617509335,652,5.629204861111111
2023-10-16,MSIL2A,synchronized,354.6828567581251,619,6.208785555555556
2023-10-17,MSIL2A,synchronized,366.57012460473925,626,6.025384583333333
2023-10-18,MSIL2A,synchronized,330.9177113221958,585,5.599921666666667
2023-10-19,MSIL2A,synchronized,297.0194607479498,531,4.679537222222222
2023-10-20,MSIL2A,synchronized,334.5995874386281,565,5.978789722222222
2023-10-21,MSIL2A,synchronized,317.5642937477678,546,5.3504075
2023-10-22,MSIL2A,synchronized,288.798926579766,510,5.401614861111111
2023-10-25,MSIL2A,synchronized,265.2467829072848,433,6.1543786111111105
2023-10-30,MSIL2A,synchronized,264.08013098780066,452,77.62487305555555
2023-10-31,MSIL2A,synchronized,697.4123277496547,1182,49.973817499999996
2023-11-01,MSIL2A,synchronized,457.715290655382,781,19.3559325
2023-11-02,MSIL2A,synchronized,212.77217530459166,369,6.134824166666666
2023-11-05,MSIL2A,synchronized,178.41272648982704,333,5.551411666666667
2023-11-05,MSIL2A,synchronized,178.41272648982704,333,5.551411666666667
2023-11-06,MSIL2A,synchronized,129.39774296805263,284,6.662515277777777
2023-11-07,MSIL2A,synchronized,190.60734307020903,334,4.237724444444444
2023-11-08,MSIL2A,synchronized,159.83495530392975,273,5.156797500000001
2023-11-09,MSIL2A,synchronized,165.73309922404587,290,5.772667777777778
2023-11-10,MSIL2A,synchronized,162.37127742357552,300,5.612554583333333
2023-11-11,MSIL2A,synchronized,142.36863343045115,246,4.6140944444444445
2023-11-12,MSIL2A,synchronized,67.98016745503992,111,5.201006944444444
2023-11-13,MSIL2A,synchronized,149.63981784228235,259,28.509131944444444
2023-11-14,MSIL2A,synchronized,169.4774242443964,292,17.01988986111111
2023-11-15,MSIL2A,synchronized,85.1793541321531,142,4.0211081944444445
2023-11-16,MSIL2A,synchronized,140.27021624147892,238,7.573813749999999
2023-11-17,MSIL2A,synchronized,90.53917621821165,151,39.91212222222222
2023-11-18,MSIL2A,synchronized,108.4889025958255,183,46.698363888888885
2023-11-19,MSIL2A,synchronized,167.22890543192625,261,28.887031388888886
2023-11-20,MSIL2A,synchronized,172.1607745969668,294,17.645700694444443
2023-11-21,MSIL2A,synchronized,103.91694316640496,180,29.26485513888889
2023-11-22,MSIL2A,synchronized,44.659312607720494,85,5.372269444444444
2023-11-23,MSIL2A,synchronized,108.54174766223878,171,14.332133888888889
2023-11-24,MSIL2A,synchronized,58.558830943889916,99,5.201296388888889
2023-11-25,MSIL2A,synchronized,37.93842030875385,50,4.868096388888889
2023-11-26,MSIL2A,synchronized,141.64493996743113,230,38.04059736111111
2023-11-30,MSIL2A,synchronized,336.0240816436708,555,26.65413361111111
2023-12-01,MSIL2A,synchronized,81.39124022331089,135,4.151784444444445
2023-12-02,MSIL2A,synchronized,87.27478631865233,147,7.067248888888889
2023-12-03,MSIL2A,synchronized,78.42714901734143,124,5.851365138888889
2023-12-04,MSIL2A,synchronized,24.61081522796303,47,5.9084336111111115
2023-12-05,MSIL2A,synchronized,70.16786739602685,122,3.8573006944444446
