2021-10-15,NRTI_L2,synchronized,106.74294862058014,4079,220.39013555555556
2021-10-15,OFFL_L1B,synchronized,5468.794133325107,2048,221.77515916666667
2021-10-15,OFFL_L2,synchronized,1128.1933990223333,3025,268.7367452777778
2021-10-15,Unknown,deleted,0.0,14,0.0
2021-10-16,NRTI_L2,synchronized,5.29502853564918,201,3.9958827777777777
2021-10-16,OFFL_L1B,synchronized,235.9350571371615,88,8.256954861111112
2021-10-16,OFFL_L2,synchronized,46.36961120646447,128,42.07041875
2021-10-17,NRTI_L2,synchronized,0.9257208397611976,91,12.229237222222222
2021-10-17,OFFL_L1B,synchronized,169.8762182611972,65,15.75560888888889
2021-10-17,OFFL_L2,synchronized,38.64009077567607,98,50.9668925
2021-10-18,NRTI_L2,synchronized,8.337100951001048,328,5.829232916666667
2021-10-18,OFFL_L1B,synchronized,493.0135154314339,184,11.96019375
2021-10-18,OFFL_L2,synchronized,108.9815325960517,291,48.585285000000006
2021-10-19,NRTI_L2,synchronized,4.917014609090984,200,1.8792363888888888
2021-10-19,OFFL_L1B,synchronized,300.1934272069484,112,5.621956944444444
2021-10-19,OFFL_L2,synchronized,62.73848738707602,170,39.06837263888889
2021-10-20,NRTI_L2,synchronized,5.3546679094433784,224,1.879395138888889
2021-10-20,OFFL_L1B,synchronized,257.33821783866733,96,5.610463472222223
2021-10-20,OFFL_L2,synchronized,59.951163770630956,161,39.025802222222225
2021-10-21,NRTI_L2,synchronized,4.42395715881139,182,1.8876147222222222
2021-10-21,OFFL_L1B,synchronized,276.97691363003105,103,5.510215555555556
2021-10-21,OFFL_L2,synchronized,55.29926962032914,146,39.22693680555555
2021-10-22,NRTI_L2,synchronized,4.362003757618368,190,1.8959084722222221
2021-10-22,OFFL_L1B,synchronized,266.01636779494584,99,5.736624166666667
2021-10-22,OFFL_L2,synchronized,57.55867938231677,153,39.29548555555555
2021-10-23,NRTI_L2,synchronized,4.906480290926993,200,1.89595625
2021-10-23,OFFL_L1B,synchronized,277.46305056940764,102,5.4680880555555555
2021-10-23,OFFL_L2,synchronized,57.29230103455484,153,39.113776944444446
2021-10-24,NRTI_L2,synchronized,5.104843965731561,198,1.8792318055555555
2021-10-24,OFFL_L1B,synchronized,235.8482566876337,88,5.500765416666667
2021-10-24,OFFL_L2,synchronized,58.93765721283853,152,39.3249675
2021-10-25,NRTI_L2,synchronized,4.396438140422106,176,1.8889409722222221
2021-10-25,OFFL_L1B,synchronized,135.45411729905754,52,5.762585694444445
2021-10-25,OFFL_L2,synchronized,28.143956021405756,80,39.20247083333334
2021-10-26,NRTI_L2,synchronized,3.436264406889677,144,2.2956094444444446
2021-10-26,OFFL_L1B,synchronized,246.01141587086022,91,9.344660555555555
2021-10-26,OFFL_L2,synchronized,59.54846207704395,158,48.52049791666667
2021-10-27,NRTI_L2,synchronized,4.195735597983003,175,1.8790316666666667
2021-10-27,OFFL_L1B,synchronized,259.24440225120634,97,5.72249
2021-10-27,OFFL_L2,synchronized,58.881939232349396,152,41.36018611111111
2021-10-28,NRTI_L2,synchronized,4.484239757061005,182,1.8789701388888889
2021-10-28,OFFL_L1B,synchronized,223.9675234220922,82,5.408235138888889
2021-10-28,OFFL_L2,synchronized,48.05501874908805,126,39.36788569444444
2021-10-29,NRTI_L2,synchronized,3.554931310005486,152,1.9122990277777778
2021-10-29,OFFL_L1B,synchronized,214.34476727247238,80,5.541770833333333
2021-10-29,OFFL_L2,synchronized,45.70873813237995,121,39.220419722222225
2021-10-30,NRTI_L2,synchronized,3.268650089390576,152,1.9206405555555555
2021-10-30,OFFL_L1B,synchronized,233.3882618676871,88,5.487103888888889
2021-10-30,OFFL_L2,synchronized,45.1779440427199,120,39.19621361111112
2021-10-31,NRTI_L2,synchronized,3.8668048661202192,168,1.9039901388888887
2021-10-31,OFFL_L1B,synchronized,211.88545723818243,80,5.473058333333333
2021-10-31,OFFL_L2,synchronized,48.68197363521904,129,39.1496725
2021-11-01,NRTI_L2,synchronized,4.048614886589348,167,1.8956908333333333
2021-11-01,OFFL_L1B,synchronized,209.4981279587373,80,5.545610694444445
2021-11-01,OFFL_L2,synchronized,47.017999010160565,127,39.252295555555555
2021-11-02,NRTI_L2,synchronized,0.22510286327451468,32,1.8791656944444446
2021-11-02,OFFL_L1B,synchronized,24.08635336905718,10,6.217343611111112
2021-11-02,OFFL_L2,synchronized,19.119641195982695,50,39.323366666666665
2021-11-03,NRTI_L2,synchronized,0.2926087090745568,23,31.011406944444445
2021-11-03,OFFL_L1B,synchronized,37.05654979031533,13,34.1299475
2021-11-03,OFFL_L2,synchronized,3.609290102496743,9,73.02584166666668
2021-11-03,Unknown,deleted,0.0,1,0.0
2021-11-05,NRTI_L2,synchronized,13.864730964414775,567,29.279456944444444
2021-11-05,OFFL_L1B,synchronized,778.4104217234999,293,33.95349777777778
2021-11-05,OFFL_L2,synchronized,154.53701801039279,418,76.18235583333333
2021-11-05,Unknown,deleted,0.0,14,0.0
2021-11-06,NRTI_L2,synchronized,3.160792569629848,144,1.8789377777777778
2021-11-06,OFFL_L1B,synchronized,185.97559878230095,70,5.568109861111111
2021-11-06,OFFL_L2,synchronized,46.672269218601286,126,39.111965
2021-11-07,NRTI_L2,synchronized,3.253721496090293,144,1.9622820833333332
2021-11-07,OFFL_L1B,synchronized,185.91292910277843,70,5.615852916666666
2021-11-07,OFFL_L2,synchronized,38.917384033091366,101,39.42939638888889
2021-11-08,NRTI_L2,synchronized,3.8510840693488717,174,1.8789916666666666
2021-11-08,OFFL_L1B,synchronized,217.1248474875465,80,5.778904722222222
2021-11-08,OFFL_L2,synchronized,39.507763961330056,106,39.628948888888885
2021-11-09,NRTI_L2,synchronized,3.5265727508813143,152,1.9123372222222224
2021-11-09,OFFL_L1B,synchronized,203.66771225258708,76,5.794255
2021-11-09,OFFL_L2,synchronized,42.369632315821946,114,39.43585902777778
2021-11-10,NRTI_L2,synchronized,2.856578478589654,136,1.862289722222222
2021-11-10,OFFL_L1B,synchronized,192.86837556306273,72,5.501881805555556
2021-11-10,OFFL_L2,synchronized,40.868216457776725,109,39.30345305555556
2021-11-11,NRTI_L2,synchronized,3.2779249930754304,151,1.8957752777777779
2021-11-11,OFFL_L1B,synchronized,192.77026436012238,72,5.585957361111111
2021-11-11,OFFL_L2,synchronized,42.56494851503521,115,39.14606666666666
2021-11-12,NRTI_L2,synchronized,3.396212499588728,152,1.8623506944444443
2021-11-12,OFFL_L1B,synchronized,171.36383432429284,64,5.542667916666667
2021-11-12,OFFL_L2,synchronized,42.8483587699011,112,39.15322097222222
2021-11-12,Unknown,deleted,0.0,1,0.0
2021-11-13,NRTI_L2,synchronized,3.475872744806111,158,1.8789668055555557
2021-11-13,OFFL_L1B,synchronized,188.98417251184583,70,5.623535972222221
2021-11-13,OFFL_L2,synchronized,36.20509260054678,96,39.44235541666667
2021-11-14,NRTI_L2,synchronized,2.7634339490905404,119,1.8957055555555555
2021-11-14,OFFL_L1B,synchronized,149.95549380034208,56,5.574036111111111
2021-11-14,OFFL_L2,synchronized,32.319030528888106,90,39.10121277777778
2021-11-15,NRTI_L2,synchronized,2.3349927933886647,120,1.9122754166666667
2021-11-15,OFFL_L1B,synchronized,168.93475591856986,64,5.514465694444445
2021-11-15,OFFL_L2,synchronized,39.330105991102755,98,40.087071944444446
2021-11-16,NRTI_L2,synchronized,2.8121059676632285,128,1.8623144444444444
2021-11-16,OFFL_L1B,synchronized,128.47616423107684,48,5.676622916666666
2021-11-16,OFFL_L2,synchronized,28.931715728715062,73,40.080243055555556
2021-11-17,NRTI_L2,synchronized,2.5150541653856635,104,1.8885637499999999
2021-11-17,OFFL_L1B,synchronized,21.434027522802353,8,25.93695138888889
2021-11-17,OFFL_L2,synchronized,25.783301068469882,78,56.89805722222222
2021-11-18,NRTI_L2,synchronized,2.894459222443402,136,1.8717051388888888
2021-11-18,OFFL_L1B,synchronized,320.3174025285989,120,10.711808333333334
2021-11-18,OFFL_L2,synchronized,51.71528507955372,132,45.308059861111104
2021-11-19,NRTI_L2,synchronized,2.2489099027588964,120,1.9195316666666666
2021-11-19,OFFL_L1B,synchronized,171.2173479842022,64,5.560138888888889
2021-11-19,OFFL_L2,synchronized,35.92867904435843,95,39.185960277777774
2021-11-20,NRTI_L2,synchronized,2.2943159323185682,103,1.8863577777777778
2021-11-20,OFFL_L1B,synchronized,158.5093494541943,60,5.467762083333334
2021-11-20,OFFL_L2,synchronized,35.96588740218431,98,39.10338041666667
2021-11-21,NRTI_L2,synchronized,2.9892310053110123,136,1.8695631944444444
2021-11-21,OFFL_L1B,synchronized,168.92849479150027,64,5.448883888888888
2021-11-21,OFFL_L2,synchronized,33.877495693042874,89,39.34688055555555
2021-11-22,NRTI_L2,synchronized,3.2185656307265162,392,3.2611405555555555
2021-11-22,OFFL_L1B,synchronized,107.11670264229178,40,5.672675555555555
2021-11-22,OFFL_L2,synchronized,26.46721461880952,70,40.04864222222223
2021-11-22,Unknown,deleted,0.0,8,0.0
2021-11-23,NRTI_L2,synchronized,2.0049701975658536,112,2.045480416666667
2021-11-23,OFFL_L1B,synchronized,188.19263462908566,70,6.228422361111112
2021-11-23,OFFL_L2,synchronized,44.39912398904562,117,46.26701611111111
2021-11-24,NRTI_L2,synchronized,2.7060355776920915,120,1.9028577777777778
2021-11-24,OFFL_L1B,synchronized,149.94366277195513,56,5.648695277777778
2021-11-24,OFFL_L2,synchronized,35.3188566500321,98,39.20586402777778
2021-11-25,NRTI_L2,synchronized,3.1827814262360334,136,1.8861569444444446
2021-11-25,OFFL_L1B,synchronized,149.85802260786295,56,5.6545218055555555
2021-11-25,OFFL_L2,synchronized,29.57523579802364,77,39.51183444444444
2021-11-26,NRTI_L2,synchronized,2.4312335615977645,112,1.8694783333333334
2021-11-26,OFFL_L1B,synchronized,149.8660362670198,56,5.781851805555556
2021-11-26,OFFL_L2,synchronized,32.11366876587272,86,39.24289680555556
2021-11-27,NRTI_L2,synchronized,2.399762553162873,128,1.9028665277777779
2021-11-27,OFFL_L1B,synchronized,171.3527936162427,64,5.48722875
2021-11-27,OFFL_L2,synchronized,33.54261871613562,90,39.119120555555554
2021-11-28,NRTI_L2,synchronized,2.1963195018470287,104,1.9194845833333334
2021-11-28,OFFL_L1B,synchronized,128.50409909151495,48,5.317255833333334
2021-11-28,OFFL_L2,synchronized,30.198554429225624,79,39.46576722222222
2021-11-29,NRTI_L2,synchronized,4.137525267899036,210,2.0371090277777775
2021-11-29,OFFL_L1B,synchronized,149.93319476861507,56,5.949238888888889
2021-11-29,OFFL_L2,synchronized,65.53664755821228,177,70.89898055555555
2021-11-30,NRTI_L2,synchronized,2.1020982041954994,116,1.8787319444444446
2021-11-30,OFFL_L1B,synchronized,149.9231915809214,56,5.66771875
2021-11-30,OFFL_L2,synchronized,32.73520747106522,87,39.52737805555555
2021-12-01,NRTI_L2,synchronized,2.1320992885157466,117,1.9786575000000002
2021-12-01,OFFL_L1B,synchronized,149.89131259452552,56,5.619778611111111
2021-12-01,OFFL_L2,synchronized,34.03710370417684,91,39.81122416666667
2021-12-02,NRTI_L2,synchronized,2.733324215747416,143,1.8787227777777777
2021-12-02,OFFL_L1B,synchronized,167.43157322891057,62,5.560057361111111
2021-12-02,OFFL_L2,synchronized,35.886510198935866,98,39.300457083333335
2021-12-03,NRTI_L2,synchronized,2.9030433101579547,126,1.8786506944444445
2021-12-03,OFFL_L1B,synchronized,128.415693577379,48,5.421196388888888
2021-12-03,OFFL_L2,synchronized,34.7038007164374,92,39.350971944444446
2021-12-04,NRTI_L2,synchronized,2.557142819277942,124,1.8786593055555554
2021-12-04,OFFL_L1B,synchronized,128.48888332489878,48,5.30366875
2021-12-04,OFFL_L2,synchronized,32.7442557932809,84,40.45181861111111
2021-12-05,NRTI_L2,synchronized,2.127104635350406,108,1.9120029166666666
2021-12-05,OFFL_L1B,synchronized,128.44058940559626,48,5.31359375
2021-12-05,OFFL_L2,synchronized,30.18344168085605,80,39.324036944444444
2021-12-06,NRTI_L2,synchronized,2.0304801343008876,99,1.9619827777777779
2021-12-06,OFFL_L1B,synchronized,85.57359362766147,32,5.649704305555556
2021-12-06,OFFL_L2,synchronized,29.437402901239693,81,39.450445
2021-12-07,NRTI_L2,synchronized,1.9710655715316534,107,1.8839305555555554
2021-12-07,OFFL_L1B,synchronized,146.42757052369416,62,6.0563575
2021-12-07,OFFL_L2,synchronized,30.98156503215432,82,39.43110430555555
2021-12-08,NRTI_L2,synchronized,2.690979746170342,126,1.9340065277777776
2021-12-08,OFFL_L1B,synchronized,147.46993675082922,56,5.499231111111111
2021-12-08,OFFL_L2,synchronized,27.180290195159614,84,39.09386791666667
2021-12-09,NRTI_L2,synchronized,2.0445385966449976,107,2.0011291666666664
2021-12-09,OFFL_L1B,synchronized,113.26611209381372,46,6.387483472222223
2021-12-09,OFFL_L2,synchronized,24.400806030258536,65,40.45355
2021-12-09,Unknown,deleted,0.0,7,0.0
2021-12-10,NRTI_L2,synchronized,1.8174251448363066,99,1.950591111111111
2021-12-10,OFFL_L1B,synchronized,152.7786563495174,58,5.360512361111111
2021-12-10,OFFL_L2,synchronized,38.02750947419554,100,39.61320875
2021-12-11,NRTI_L2,synchronized,1.2171075567603111,81,1.8822605555555556
2021-12-11,OFFL_L1B,synchronized,85.71031920332462,32,5.702434722222222
2021-12-11,OFFL_L2,synchronized,33.23844170477241,91,39.34717305555556
2021-12-12,NRTI_L2,synchronized,2.470472921617329,124,1.8876072222222222
2021-12-12,OFFL_L1B,synchronized,141.9610370406881,60,5.492694305555555
2021-12-12,OFFL_L2,synchronized,33.770197668112814,91,39.85581194444445
2021-12-13,NRTI_L2,synchronized,2.306991411373019,125,1.9042666666666666
2021-12-13,OFFL_L1B,synchronized,149.95932074263692,56,5.517701805555555
2021-12-13,OFFL_L2,synchronized,21.68218475393951,70,39.06874402777778
2021-12-14,NRTI_L2,synchronized,2.4013193137943745,126,1.9792236111111112
2021-12-14,OFFL_L1B,synchronized,147.98816050309688,55,5.344155277777777
2021-12-14,OFFL_L2,synchronized,30.458346121944487,80,39.43271430555555
2021-12-15,NRTI_L2,synchronized,2.9539000494405627,144,1.9042819444444445
2021-12-15,OFFL_L1B,synchronized,151.94292837381363,57,5.678288611111111
2021-12-15,OFFL_L2,synchronized,34.12414919771254,90,39.46722722222223
2021-12-16,NRTI_L2,synchronized,2.1817537900060415,117,1.8875636111111112
2021-12-16,OFFL_L1B,synchronized,149.98575016018003,56,5.547476805555556
2021-12-16,OFFL_L2,synchronized,33.97692194581032,91,39.50032861111111
2021-12-17,NRTI_L2,synchronized,1.7709492603316903,115,1.9543280555555556
2021-12-17,OFFL_L1B,synchronized,141.88852443080395,52,5.739876527777778
2021-12-17,OFFL_L2,synchronized,34.0719177108258,92,39.34282777777778
2021-12-18,NRTI_L2,synchronized,2.5558389611542225,132,1.8711252777777778
2021-12-18,OFFL_L1B,synchronized,146.10140098445117,54,5.474277638888889
2021-12-18,OFFL_L2,synchronized,33.81034732982516,90,39.78977861111111
2021-12-19,NRTI_L2,synchronized,2.7730032140389085,144,1.9209098611111113
2021-12-19,OFFL_L1B,synchronized,149.96232106070966,56,5.331865277777778
2021-12-19,OFFL_L2,synchronized,31.0875405613333,84,39.573393611111115
2021-12-20,NRTI_L2,synchronized,2.3659355202689767,126,1.88758875
2021-12-20,OFFL_L1B,synchronized,149.91700465325266,56,5.6123465277777775
2021-12-20,OFFL_L2,synchronized,34.24571424443275,88,39.57353805555555
2021-12-21,NRTI_L2,synchronized,1.9453947516158223,117,1.8876294444444446
2021-12-21,OFFL_L1B,synchronized,149.95081243291497,56,5.495754583333333
2021-12-21,OFFL_L2,synchronized,34.01606993563473,91,39.41250194444445
2021-12-22,NRTI_L2,synchronized,2.1886627664789557,99,1.8542716666666665
2021-12-22,OFFL_L1B,synchronized,107.08174540940672,40,5.733556805555556
2021-12-22,OFFL_L2,synchronized,33.98164725955576,91,39.38718305555555
2021-12-23,NRTI_L2,synchronized,2.588178336620331,108,1.8875466666666667
2021-12-23,OFFL_L1B,synchronized,106.9947226876393,40,5.3194534722222215
2021-12-23,OFFL_L2,synchronized,30.69255217630416,82,39.87502375
2021-12-24,NRTI_L2,synchronized,2.3913019252941012,115,1.8375663888888887
2021-12-24,OFFL_L1B,synchronized,128.36593258474022,48,5.42492625
2021-12-24,OFFL_L2,synchronized,25.489677195437253,68,39.86740388888889
2021-12-25,NRTI_L2,synchronized,1.9013992175459862,99,1.9208738888888888
2021-12-25,OFFL_L1B,synchronized,128.47455829102546,48,5.334265416666666
2021-12-25,OFFL_L2,synchronized,26.12669619731605,68,39.484535
2021-12-26,NRTI_L2,synchronized,2.4692705823108554,126,1.8875455555555556
2021-12-26,OFFL_L1B,synchronized,147.42258720472455,56,5.4160691666666665
2021-12-26,OFFL_L2,synchronized,31.048897296190262,82,39.44264222222222
2021-12-27,NRTI_L2,synchronized,2.8200962776318192,124,1.8875441666666668
2021-12-27,OFFL_L1B,synchronized,147.41712760739028,56,5.459844027777778
2021-12-27,OFFL_L2,synchronized,31.322384621948004,86,39.263682777777774
2021-12-28,NRTI_L2,synchronized,1.7169406451284885,81,1.8708749999999998
2021-12-28,OFFL_L1B,synchronized,104.64745035022497,40,5.226459166666666
2021-12-28,OFFL_L2,synchronized,34.86223675869405,95,39.40639083333334
2021-12-29,NRTI_L2,synchronized,2.1791146267205477,116,1.9542094444444444
2021-12-29,OFFL_L1B,synchronized,147.44214958045632,56,5.2767225
2021-12-29,OFFL_L2,synchronized,31.12932443059981,82,39.71466291666667
2021-12-30,NRTI_L2,synchronized,2.047543383203447,108,1.9292984722222222
2021-12-30,OFFL_L1B,synchronized,128.378268154338,48,5.587065972222222
2021-12-30,OFFL_L2,synchronized,24.570409604348242,66,39.48104444444444
2021-12-31,NRTI_L2,synchronized,2.9044252187013626,135,1.8875883333333334
2021-12-31,OFFL_L1B,synchronized,149.8801323249936,56,5.396833055555556
2021-12-31,OFFL_L2,synchronized,33.338537958450615,90,39.37268541666667
2022-01-01,NRTI_L2,synchronized,2.265905558131635,117,1.8875861111111112
2022-01-01,OFFL_L1B,synchronized,149.83711654879153,56,5.38434125
2022-01-01,OFFL_L2,synchronized,29.320758149959147,79,39.323544166666665
2022-01-02,NRTI_L2,synchronized,1.874351479113102,117,1.9542269444444444
2022-01-02,OFFL_L1B,synchronized,149.86957616824657,56,5.435177916666667
2022-01-02,OFFL_L2,synchronized,34.69252078700811,95,39.448508333333336
2022-01-03,NRTI_L2,synchronized,2.3796722162514925,125,1.8708775
2022-01-03,OFFL_L1B,synchronized,146.04057343304157,54,5.317446527777777
2022-01-03,OFFL_L2,synchronized,32.51260648854077,84,39.519248194444444
2022-01-04,NRTI_L2,synchronized,2.9349545929580927,143,1.9042022222222221
2022-01-04,OFFL_L1B,synchronized,149.85283122118562,56,5.538568333333334
2022-01-04,OFFL_L2,synchronized,34.131979825906456,93,39.848130833333336
2022-01-05,NRTI_L2,synchronized,2.3410232001915574,108,1.92090375
2022-01-05,OFFL_L1B,synchronized,128.44464304111898,48,5.394348611111111
2022-01-05,OFFL_L2,synchronized,32.33410036470741,85,39.36487
2022-01-06,NRTI_L2,synchronized,2.1245392560958862,117,1.8875436111111112
2022-01-06,OFFL_L1B,synchronized,149.9117649877444,56,5.643404444444444
2022-01-06,OFFL_L2,synchronized,32.76277054101229,88,39.67280569444445
2022-01-07,NRTI_L2,synchronized,2.6635560858994722,135,1.8709830555555556
2022-01-07,OFFL_L1B,synchronized,149.92261543963104,56,5.3898970833333335
2022-01-07,OFFL_L2,synchronized,30.470618412829936,83,39.27293638888889
2022-01-08,NRTI_L2,synchronized,3.0667633656412363,135,1.8042852777777776
2022-01-08,OFFL_L1B,synchronized,149.8777169380337,56,5.426008888888889
2022-01-08,OFFL_L2,synchronized,35.23762558680028,96,39.30621444444445
2022-01-09,NRTI_L2,synchronized,2.3330864813178778,126,1.8709025000000001
2022-01-09,OFFL_L1B,synchronized,149.88591328263283,56,5.4657945833333335
2022-01-09,OFFL_L2,synchronized,34.50604540389031,92,39.30163888888889
2022-01-10,NRTI_L2,synchronized,1.5052156476303935,63,1.8975522222222223
2022-01-10,OFFL_L1B,synchronized,107.03616409376264,40,7.066524166666667
2022-01-10,OFFL_L2,synchronized,32.081977704539895,85,40.43824083333333
2022-01-11,NRTI_L2,synchronized,2.8855048064142466,125,1.8975366666666666
2022-01-11,OFFL_L1B,synchronized,128.52884038444608,48,5.552860416666666
2022-01-11,OFFL_L2,synchronized,28.929975355044007,76,40.462957777777774
2022-01-12,NRTI_L2,synchronized,2.0169096691533923,108,1.8642956944444444
2022-01-12,OFFL_L1B,synchronized,128.50315304473042,48,5.486563888888889
2022-01-12,OFFL_L2,synchronized,28.23253700044006,77,39.288201388888886
2022-01-13,NRTI_L2,synchronized,2.0620384952053428,117,1.8808827777777777
2022-01-13,OFFL_L1B,synchronized,147.48987869359553,56,5.5927575
2022-01-13,OFFL_L2,synchronized,31.551602644845843,85,39.34592861111111
2022-01-14,NRTI_L2,synchronized,2.6938211135566235,135,1.8647452777777778
2022-01-14,OFFL_L1B,synchronized,168.93154235556722,64,5.471010416666667
2022-01-14,OFFL_L2,synchronized,30.78086901176721,84,39.28775513888889
2022-01-15,NRTI_L2,synchronized,2.9971938766539097,144,7.231174583333334
2022-01-15,OFFL_L1B,synchronized,168.8267645491287,64,8.392597222222221
2022-01-15,OFFL_L2,synchronized,34.40129068866372,91,39.529465555555554
2022-01-16,NRTI_L2,synchronized,1.9229518882930279,99,1.8975625
2022-01-16,OFFL_L1B,synchronized,83.18142600916326,32,5.557512222222222
2022-01-16,OFFL_L2,synchronized,37.25741621199995,102,39.503144166666665
2022-01-17,NRTI_L2,synchronized,2.9203880950808525,135,1.9475508333333333
2022-01-17,OFFL_L1B,synchronized,149.69698422588408,64,6.3998961111111115
2022-01-17,OFFL_L2,synchronized,29.992314542643726,93,39.470013333333334
2022-01-18,NRTI_L2,synchronized,3.4897094452753663,153,3.0475616666666667
2022-01-18,OFFL_L1B,synchronized,47.89056194759905,20,9.976289027777778
2022-01-18,OFFL_L2,synchronized,18.96596384141594,45,39.601841388888886
2022-01-19,OFFL_L1B,synchronized,41.302434004843235,16,28.954480000000004
2022-01-19,OFFL_L2,synchronized,5.767708369530737,21,61.40260305555556
2022-01-20,OFFL_L1B,synchronized,12.993517653085291,6,37.587427500000004
2022-01-20,OFFL_L2,synchronized,5.864232516847551,18,70.38550458333333
2022-01-31,NRTI_L2,synchronized,37.37598255556077,1807,139.01837027777776
2022-01-31,OFFL_L1B,synchronized,2091.6685479180887,786,138.63746944444443
2022-01-31,OFFL_L2,synchronized,450.7079751919955,1221,185.8901627777778
2022-01-31,Unknown,deleted,0.0,34,0.0
2022-02-01,NRTI_L2,synchronized,3.2197009660303593,152,1.861567083333333
2022-02-01,OFFL_L1B,synchronized,186.37037079129368,70,5.439930277777778
2022-02-01,OFFL_L2,synchronized,40.65637184306979,107,39.32651444444444
2022-02-02,NRTI_L2,synchronized,2.5270006991922855,135,1.9280877777777778
2022-02-02,OFFL_L1B,synchronized,190.27037626504898,72,5.526538194444445
2022-02-02,OFFL_L2,synchronized,39.29179807379842,107,39.70709472222222
2022-02-03,NRTI_L2,synchronized,3.23800674919039,162,1.9782895833333334
2022-02-03,OFFL_L1B,synchronized,190.29040216840804,72,5.568353194444445
2022-02-03,OFFL_L2,synchronized,42.56950791366398,114,39.14532222222222
2022-02-04,NRTI_L2,synchronized,3.7635061722248793,161,1.8954780555555555
2022-02-04,OFFL_L1B,synchronized,184.39215938840061,70,5.201444722222222
2022-02-04,OFFL_L2,synchronized,44.6126470156014,123,39.35668333333333
2022-02-05,NRTI_L2,synchronized,3.9623205829411745,171,1.8781627777777778
2022-02-05,OFFL_L1B,synchronized,190.28894941601902,72,5.390925138888889
2022-02-05,OFFL_L2,synchronized,43.422838440164924,117,39.28790944444444
2022-02-06,NRTI_L2,synchronized,3.091361087746918,162,1.9114654166666667
2022-02-06,OFFL_L1B,synchronized,192.72327069193125,72,5.600325694444445
2022-02-06,OFFL_L2,synchronized,40.78479640930891,110,39.47873569444444
2022-02-07,NRTI_L2,synchronized,3.7377169393002987,172,1.9448386111111113
2022-02-07,OFFL_L1B,synchronized,214.21812341175973,80,5.539169861111111
2022-02-07,OFFL_L2,synchronized,44.53679222613573,119,39.303780555555555
2022-02-08,NRTI_L2,synchronized,3.9911004807800055,189,1.8675958333333333
2022-02-08,OFFL_L1B,synchronized,214.26865295227617,80,5.48775625
2022-02-08,OFFL_L2,synchronized,43.77991588320583,119,39.39273861111111
2022-02-09,NRTI_L2,synchronized,4.59038470685482,207,1.879371111111111
2022-02-09,OFFL_L1B,synchronized,214.27769416570663,80,5.542550277777778
2022-02-09,OFFL_L2,synchronized,48.94219976756722,133,39.10993388888888
2022-02-10,NRTI_L2,synchronized,4.329178657382727,185,1.8793827777777778
2022-02-10,OFFL_L1B,synchronized,214.32126060314476,80,5.593461805555556
2022-02-10,OFFL_L2,synchronized,48.19058921933174,129,39.41773027777778
2022-02-11,NRTI_L2,synchronized,3.5949684102088213,163,1.9292719444444444
2022-02-11,OFFL_L1B,synchronized,192.77223677840084,72,5.5316020833333335
2022-02-11,OFFL_L2,synchronized,48.81032459996641,132,39.24005375
2022-02-12,NRTI_L2,synchronized,4.187766653485596,189,1.9292130555555556
2022-02-12,OFFL_L1B,synchronized,190.33095973543823,72,5.341699444444444
2022-02-12,OFFL_L2,synchronized,42.798947907052934,116,39.31084847222222
2022-02-13,NRTI_L2,synchronized,5.047540046274662,207,1.8960108333333334
2022-02-13,OFFL_L1B,synchronized,235.59589101094753,88,5.418903333333333
2022-02-13,OFFL_L2,synchronized,45.751350426115096,122,39.546726250000006
2022-02-14,NRTI_L2,synchronized,3.951958536170423,180,1.8961244444444443
2022-02-14,OFFL_L1B,synchronized,214.2235176032409,80,5.3980468055555555
2022-02-14,OFFL_L2,synchronized,48.84751305356622,135,39.145062777777774
2022-02-15,NRTI_L2,synchronized,4.006243723444641,172,1.9126409722222224
2022-02-15,OFFL_L1B,synchronized,214.2106655118987,80,5.4225658333333335
2022-02-15,OFFL_L2,synchronized,50.06291861832142,133,39.41148305555556
2022-02-16,NRTI_L2,synchronized,4.2340148082003,189,1.8958875
2022-02-16,OFFL_L1B,synchronized,214.2256162436679,80,5.538491111111112
2022-02-16,OFFL_L2,synchronized,47.89466099161655,130,39.359701944444446
2022-02-17,NRTI_L2,synchronized,4.698371914215386,197,1.9293188888888888
2022-02-17,OFFL_L1B,synchronized,229.39028653874993,86,5.403102777777778
2022-02-17,OFFL_L2,synchronized,50.719558351673186,134,39.43784444444444
2022-02-18,NRTI_L2,synchronized,4.759396253153682,205,1.9459191666666666
2022-02-18,OFFL_L1B,synchronized,254.6806421680376,96,5.712407499999999
2022-02-18,OFFL_L2,synchronized,48.28556946571916,131,39.40803777777777
2022-02-19,NRTI_L2,synchronized,3.824604590423405,189,1.962551388888889
2022-02-19,OFFL_L1B,synchronized,233.139453234151,88,5.569582083333334
2022-02-19,OFFL_L2,synchronized,51.073746524751186,140,39.27283083333333
2022-02-20,NRTI_L2,synchronized,3.3569136252626777,194,3.121073611111111
2022-02-20,OFFL_L1B,synchronized,235.64294858369976,88,6.4090372222222225
2022-02-20,OFFL_L2,synchronized,61.3937673503533,167,44.09706
2022-02-21,NRTI_L2,synchronized,1.811704601161182,136,1.9001325
2022-02-21,OFFL_L1B,synchronized,260.13133420050144,96,5.647805138888889
2022-02-21,OFFL_L2,synchronized,38.8179486412555,98,43.81561638888889
2022-02-22,NRTI_L2,synchronized,3.365256388671696,189,1.9179108333333335
2022-02-22,OFFL_L1B,synchronized,251.30779539514333,95,5.609078888888889
2022-02-22,OFFL_L2,synchronized,9.741790793836117,22,47.961013333333334
2022-02-23,NRTI_L2,synchronized,5.194516453891993,242,2.86755875
2022-02-23,OFFL_L1B,synchronized,281.0202547516674,113,5.839411666666667
2022-02-23,OFFL_L2,synchronized,63.51849841605872,174,72.47244402777778
2022-02-24,NRTI_L2,synchronized,6.094834874384105,254,1.9008931944444445
2022-02-24,OFFL_L1B,synchronized,278.5868410198018,104,5.71497875
2022-02-24,OFFL_L2,synchronized,108.73433312121779,316,52.59568069444444
2022-02-25,NRTI_L2,synchronized,4.894441626034677,232,1.9343333333333332
2022-02-25,OFFL_L1B,synchronized,278.51590694859624,104,5.62144625
2022-02-25,OFFL_L2,synchronized,68.67444254364818,185,40.28021694444444
2022-02-26,NRTI_L2,synchronized,5.058173540979624,218,1.9675718055555556
2022-02-26,OFFL_L1B,synchronized,296.74322005640715,111,5.698400555555555
2022-02-26,OFFL_L2,synchronized,61.9719034479931,165,39.44763999999999
2022-02-27,NRTI_L2,synchronized,5.88430739659816,252,2.0009356944444443
2022-02-27,OFFL_L1B,synchronized,260.5878491709009,97,5.612450555555555
2022-02-27,OFFL_L2,synchronized,60.58495699707419,165,39.34455111111111
2022-02-28,NRTI_L2,synchronized,6.449600669555366,279,1.9842913888888887
2022-02-28,OFFL_L1B,synchronized,300.1531563065946,112,5.715421805555556
2022-02-28,OFFL_L2,synchronized,64.32622825074941,171,39.46020583333333
2022-03-01,NRTI_L2,synchronized,5.487810201942921,234,1.9509054166666666
2022-03-01,OFFL_L1B,synchronized,275.12985819298774,103,5.585187222222222
2022-03-01,OFFL_L2,synchronized,62.86962375883013,171,39.23534611111111
2022-03-02,NRTI_L2,synchronized,5.00043695513159,227,2.0009016666666666
2022-03-02,OFFL_L1B,synchronized,260.7100239107385,97,5.685356111111111
2022-03-02,OFFL_L2,synchronized,62.44156565424055,170,39.44127513888889
2022-03-03,NRTI_L2,synchronized,6.150866189040244,261,1.9675894444444444
2022-03-03,OFFL_L1B,synchronized,278.67483502533287,104,5.811698472222222
2022-03-03,OFFL_L2,synchronized,58.603691251948476,155,39.44117833333333
2022-03-04,NRTI_L2,synchronized,6.450172365643084,251,2.0175977777777776
2022-03-04,OFFL_L1B,synchronized,278.76290758885443,104,5.56647861111111
2022-03-04,OFFL_L2,synchronized,65.45588386524469,179,39.25529944444445
2022-03-05,NRTI_L2,synchronized,6.225475778803229,251,1.967626388888889
2022-03-05,OFFL_L1B,synchronized,284.6376888602972,107,5.597889444444444
2022-03-05,OFFL_L2,synchronized,62.925084236077964,168,39.37561680555555
2022-03-06,NRTI_L2,synchronized,5.610930101014674,243,2.067701388888889
2022-03-06,OFFL_L1B,synchronized,294.3124960837886,109,5.613685277777778
2022-03-06,OFFL_L2,synchronized,64.6209346326068,173,39.38599416666666
2022-03-07,NRTI_L2,synchronized,6.281158301979303,249,2.0175644444444445
2022-03-07,OFFL_L1B,synchronized,295.8647826174274,111,5.745301666666666
2022-03-07,OFFL_L2,synchronized,59.71395594161004,160,39.52578166666667
2022-03-08,NRTI_L2,synchronized,6.670797073282301,262,2.1177220833333332
2022-03-08,OFFL_L1B,synchronized,250.82718772348017,96,5.560436944444444
2022-03-08,OFFL_L2,synchronized,10.284189902245998,20,192.26269458333334
2022-03-09,NRTI_L2,synchronized,3.501202989369631,155,2.360935
2022-03-09,OFFL_L1B,synchronized,214.79447438102216,80,19.98102638888889
2022-03-09,OFFL_L2,synchronized,62.60622316971421,178,67.70351736111111
2022-03-10,NRTI_L2,synchronized,6.982705304399133,268,2.460961388888889
2022-03-10,OFFL_L1B,synchronized,383.41895003803074,145,9.68318388888889
2022-03-10,OFFL_L2,synchronized,118.69362632185221,325,54.28139388888889
2022-03-11,NRTI_L2,synchronized,6.965712352655828,288,2.3859652777777773
2022-03-11,OFFL_L1B,synchronized,341.49391910340637,128,5.755639722222222
2022-03-11,OFFL_L2,synchronized,78.18937036767602,208,40.470917916666664
2022-03-12,NRTI_L2,synchronized,6.843911052681506,261,1.9942163888888889
2022-03-12,OFFL_L1B,synchronized,290.995660896413,110,5.8615788888888885
2022-03-12,OFFL_L2,synchronized,66.08875663019717,182,39.26471
2022-03-13,NRTI_L2,synchronized,6.5106702744960785,273,2.0943005555555554
2022-03-13,OFFL_L1B,synchronized,301.22389480657876,113,5.6670211111111115
2022-03-13,OFFL_L2,synchronized,68.4409816134721,185,39.32662444444444
2022-03-14,NRTI_L2,synchronized,7.221928405575454,266,2.027568888888889
2022-03-14,OFFL_L1B,synchronized,297.68698693532497,112,5.81790125
2022-03-14,OFFL_L2,synchronized,68.8711385531351,186,39.39115180555555
2022-03-15,NRTI_L2,synchronized,7.508174459449947,276,2.110936944444444
2022-03-15,OFFL_L1B,synchronized,282.3139909710735,105,5.7744863888888895
2022-03-15,OFFL_L2,synchronized,65.75804387964308,177,39.323843333333336
2022-03-16,NRTI_L2,synchronized,6.9941276460886,253,2.377882777777778
2022-03-16,OFFL_L1B,synchronized,298.3477815426886,111,5.8459505555555555
2022-03-16,OFFL_L2,synchronized,66.88210290949792,178,39.37590819444445
2022-03-17,NRTI_L2,synchronized,6.840582769364119,262,2.0609118055555555
2022-03-17,OFFL_L1B,synchronized,278.8658803636208,104,5.974015138888889
2022-03-17,OFFL_L2,synchronized,63.2896718531847,172,39.22059333333333
2022-03-18,NRTI_L2,synchronized,7.526928163133562,279,1.927718611111111
2022-03-18,OFFL_L1B,synchronized,278.8200947754085,104,5.524225555555555
2022-03-18,OFFL_L2,synchronized,63.77276697475463,171,39.17729138888889
2022-03-19,NRTI_L2,synchronized,8.48024124559015,306,1.9110038888888887
2022-03-19,OFFL_L1B,synchronized,278.7703725779429,104,5.890110972222223
2022-03-19,OFFL_L2,synchronized,64.89247031603009,174,39.296802916666664
2022-03-20,NRTI_L2,synchronized,7.117513429373503,245,1.877613888888889
2022-03-20,OFFL_L1B,synchronized,298.2687695585191,111,5.722743333333334
2022-03-20,OFFL_L2,synchronized,64.8844195837155,174,39.444929861111106
2022-03-21,NRTI_L2,synchronized,6.653393307700753,227,1.9442441666666668
2022-03-21,OFFL_L1B,synchronized,255.748028553091,96,5.817316666666667
2022-03-21,OFFL_L2,synchronized,64.10975146759301,171,39.48980861111111
2022-03-22,NRTI_L2,synchronized,7.836790471337736,288,1.9276016666666667
2022-03-22,OFFL_L1B,synchronized,279.7689057579264,105,5.849460277777778
2022-03-22,OFFL_L2,synchronized,60.063680057413876,159,39.31391805555556
2022-03-23,NRTI_L2,synchronized,8.153191168792546,270,1.9442616666666668
2022-03-23,OFFL_L1B,synchronized,278.77896548155695,104,6.065608750000001
2022-03-23,OFFL_L2,synchronized,62.47267008386552,170,39.3944875
2022-03-24,NRTI_L2,synchronized,7.985576254315674,289,1.9442902777777777
2022-03-24,OFFL_L1B,synchronized,297.89416322112083,112,6.064087777777778
2022-03-24,OFFL_L2,synchronized,65.95458540041,177,39.659641944444445
2022-03-25,NRTI_L2,synchronized,7.763523710891604,265,1.944563888888889
2022-03-25,OFFL_L1B,synchronized,297.8651937143877,112,5.779209305555556
2022-03-25,OFFL_L2,synchronized,66.68899350706488,181,39.26636027777778
2022-03-26,NRTI_L2,synchronized,8.669336868450046,295,1.927586388888889
2022-03-26,OFFL_L1B,synchronized,310.5321077881381,117,6.011841666666667
2022-03-26,OFFL_L2,synchronized,67.29183680098504,181,39.37437222222222
2022-03-27,NRTI_L2,synchronized,8.484979715198278,297,1.9109769444444444
2022-03-27,OFFL_L1B,synchronized,304.34293464943767,115,5.8933591666666665
2022-03-27,OFFL_L2,synchronized,68.1075633764267,182,39.51738055555556
2022-03-28,NRTI_L2,synchronized,8.724644903093576,293,2.077708888888889
2022-03-28,OFFL_L1B,synchronized,297.92862647678703,112,5.98531875
2022-03-28,OFFL_L2,synchronized,67.63482488319278,183,40.62131916666667
2022-03-29,NRTI_L2,synchronized,8.329040132462978,295,1.9111025
2022-03-29,OFFL_L1B,synchronized,297.8968124082312,112,5.909650277777778
2022-03-29,OFFL_L2,synchronized,66.7511334605515,183,39.29527527777778
2022-03-30,NRTI_L2,synchronized,9.259404178708792,321,1.8945872222222222
2022-03-30,OFFL_L1B,synchronized,297.96609008684754,112,5.966028888888889
2022-03-30,OFFL_L2,synchronized,69.38569012191147,186,39.301891805555556
2022-03-31,NRTI_L2,synchronized,9.296341222710907,302,1.9108924999999999
2022-03-31,OFFL_L1B,synchronized,319.35405787918717,120,5.911706805555555
2022-03-31,OFFL_L2,synchronized,66.82785181328654,184,39.416623333333334
2022-04-01,NRTI_L2,synchronized,9.034163059666753,297,1.9110941666666668
2022-04-01,OFFL_L1B,synchronized,288.96193012502044,109,5.842673888888889
2022-04-01,OFFL_L2,synchronized,49.0870495904237,133,40.08297638888889
2022-04-02,NRTI_L2,synchronized,8.1875676875934,270,1.9444043055555555
2022-04-02,OFFL_L1B,synchronized,306.97537796292454,115,5.9012166666666666
2022-04-02,OFFL_L2,synchronized,87.26855336874723,233,41.63968
2022-04-03,NRTI_L2,synchronized,9.081302046775818,296,1.9609061111111112
2022-04-03,OFFL_L1B,synchronized,279.02261789049953,104,5.987808333333334
2022-04-03,OFFL_L2,synchronized,67.62201021146029,184,39.27922611111111
2022-04-04,NRTI_L2,synchronized,9.896222368814051,304,1.9442866666666667
2022-04-04,OFFL_L1B,synchronized,276.6309884618968,104,6.02153375
2022-04-04,OFFL_L2,synchronized,64.54670904576778,176,39.58692236111111
2022-04-05,NRTI_L2,synchronized,4.482143302448094,163,1.9776138888888888
2022-04-05,OFFL_L1B,synchronized,150.34280531015247,56,5.938160138888888
2022-04-05,OFFL_L2,synchronized,29.946089643985033,80,39.37742402777778
2022-07-06,OFFL_L1B,synchronized,107.92394281178713,41,2207.6181716666665
2022-07-06,OFFL_L2,synchronized,31.392713989131153,82,2243.101461527778
2022-07-06,Unknown,deleted,0.0,7,0.0
2022-07-08,Unknown,deleted,0.0,1,0.0
2022-07-11,OFFL_L1B,synchronized,1475.4683921933174,554,2258.1855505555554
2022-07-11,OFFL_L2,synchronized,329.7131269508973,891,2297.90682
2022-07-11,Unknown,deleted,0.0,98,0.0
2022-07-13,OFFL_L1B,synchronized,16547.734156077728,6417,1602.6637183333332
2022-07-13,OFFL_L2,synchronized,4077.4296635203063,10959,1603.0459269444445
2022-07-13,Unknown,deleted,0.0,680,0.0
2022-07-19,NRTI_L2,synchronized,420.80019656103104,10446,536.9390688888889
2022-07-19,OFFL_L1B,synchronized,19026.990513596684,7159,906.7196633333334
2022-07-19,OFFL_L2,synchronized,4306.686789792962,11599,950.5914191666667
2022-07-19,Unknown,deleted,0.0,647,0.0
2022-07-20,NRTI_L2,synchronized,93.49103581067175,2397,67.92300777777778
2022-07-20,OFFL_L1B,synchronized,2093.586063552648,782,79.16585972222222
2022-07-20,OFFL_L2,synchronized,441.5961711779237,1171,127.9080963888889
2022-07-20,Unknown,deleted,0.0,17,0.0
2022-07-21,NRTI_L2,synchronized,13.529872922226787,334,1.9454416666666665
2022-07-21,OFFL_L1B,synchronized,474.2070267498493,180,10.311253194444443
2022-07-21,OFFL_L2,synchronized,118.71656228695065,313,59.068578611111114
2022-07-22,NRTI_L2,synchronized,13.776238514110446,333,1.9621283333333335
2022-07-22,OFFL_L1B,synchronized,298.7160217082128,112,6.002574861111111
2022-07-22,OFFL_L2,synchronized,95.18689126893878,249,43.629048611111116
2022-07-23,NRTI_L2,synchronized,13.168015466071665,324,1.9121527777777778
2022-07-23,OFFL_L1B,synchronized,301.12592955492437,112,5.816635
2022-07-23,OFFL_L2,synchronized,69.30884035862982,184,39.40204555555555
2022-07-24,NRTI_L2,synchronized,12.128004887141287,316,1.9288320833333334
2022-07-24,OFFL_L1B,synchronized,298.7604280151427,112,5.592195
2022-07-24,OFFL_L2,synchronized,69.97861354518682,185,39.31695805555555
2022-07-25,NRTI_L2,synchronized,6.380687929689884,180,1.953728611111111
2022-07-25,OFFL_L1B,synchronized,145.0598630355671,55,5.722822222222222
2022-07-25,OFFL_L2,synchronized,28.793989497236907,76,39.03380333333333
2022-07-28,NRTI_L2,synchronized,3.8954080967232585,80,72.82072236111111
2022-07-28,OFFL_L1B,synchronized,42.91972475685179,16,76.54213902777778
2022-07-28,OFFL_L2,synchronized,8.028451616875827,23,109.55079833333333
2022-07-28,Unknown,deleted,0.0,38,0.0
2022-07-29,NRTI_L2,synchronized,55.2177437543869,1332,38.546145
2022-07-29,OFFL_L1B,synchronized,1322.3729300312698,497,43.184216666666664
2022-07-29,OFFL_L2,synchronized,229.20777211338282,592,98.80315472222222
2022-07-29,Unknown,deleted,0.0,35,0.0
2022-07-30,NRTI_L2,synchronized,14.048312647268176,344,2.048292083333333
2022-07-30,OFFL_L1B,synchronized,298.74928262550384,112,6.099987916666667
2022-07-30,OFFL_L2,synchronized,102.87442360725254,259,59.99395694444444
2022-07-30,Unknown,deleted,0.0,10,0.0
2022-07-31,NRTI_L2,synchronized,12.989825955592096,332,1.9163255555555554
2022-07-31,OFFL_L1B,synchronized,298.8107757810503,112,5.723247361111111
2022-07-31,OFFL_L2,synchronized,56.57228070497513,139,47.13880944444445
2022-08-01,NRTI_L2,synchronized,10.688301506452262,290,1.9157520833333335
2022-08-01,OFFL_L1B,synchronized,264.1652532303706,100,5.80870375
2022-08-01,OFFL_L2,synchronized,47.42295706644654,121,50.51576027777777
2022-08-02,NRTI_L2,synchronized,12.068871594034135,316,1.9635699999999998
2022-08-02,OFFL_L1B,synchronized,309.5380361787975,116,5.900035972222222
2022-08-02,OFFL_L2,synchronized,46.65173591673374,114,54.43035888888889
2022-08-03,NRTI_L2,synchronized,13.08754053991288,332,1.9165505555555558
2022-08-03,OFFL_L1B,synchronized,306.0486458884552,120,5.950232777777778
2022-08-03,OFFL_L2,synchronized,48.988681154325604,127,58.01486944444444
2022-08-04,NRTI_L2,synchronized,12.85767547506839,326,1.9324015277777777
2022-08-04,OFFL_L1B,synchronized,298.76313069090247,112,5.9568275
2022-08-04,OFFL_L2,synchronized,51.96901970356703,138,59.87794
2022-08-05,NRTI_L2,synchronized,12.02538601309061,331,1.9676855555555555
2022-08-05,OFFL_L1B,synchronized,298.6882669162005,112,5.954301944444444
2022-08-05,OFFL_L2,synchronized,24.83294527977705,64,67.95675986111112
2022-08-06,NRTI_L2,synchronized,12.754479672759771,334,1.9206981944444443
2022-08-06,OFFL_L1B,synchronized,314.639726405032,118,5.7477261111111115
2022-08-06,OFFL_L2,synchronized,42.14752278011292,107,76.84068583333332
2022-08-07,NRTI_L2,synchronized,12.814660078845918,324,1.9450648611111112
2022-08-07,OFFL_L1B,synchronized,280.11587950680405,106,5.788494027777777
2022-08-07,OFFL_L2,synchronized,55.47860630508512,143,80.78167222222223
2022-08-08,NRTI_L2,synchronized,13.239377122372389,329,1.9632919444444443
2022-08-08,OFFL_L1B,synchronized,298.5343788471073,112,5.970448055555556
2022-08-08,OFFL_L2,synchronized,103.7311874832958,257,68.15099944444444
2022-08-09,NRTI_L2,synchronized,11.964467762969434,313,1.942001111111111
2022-08-09,OFFL_L1B,synchronized,296.12445026729256,112,5.836398888888889
2022-08-09,OFFL_L2,synchronized,55.92997750453651,142,58.06081569444444
2022-08-10,NRTI_L2,synchronized,12.4802704481408,338,1.9555804166666668
2022-08-10,OFFL_L1B,synchronized,322.3748257160187,120,6.096411527777779
2022-08-10,OFFL_L2,synchronized,52.704295348376036,134,55.74948013888889
2022-08-11,NRTI_L2,synchronized,12.68801528122276,334,1.9118309722222222
2022-08-11,OFFL_L1B,synchronized,316.542779924348,119,5.948588055555556
2022-08-11,OFFL_L2,synchronized,46.73482090421021,127,60.79398555555556
2022-08-12,NRTI_L2,synchronized,12.314417954534292,306,1.9752437500000002
2022-08-12,OFFL_L1B,synchronized,298.23958015535027,112,6.019729027777778
2022-08-12,OFFL_L2,synchronized,49.52573614008725,127,62.68714277777778
2022-08-13,NRTI_L2,synchronized,11.89256432838738,317,1.9316155555555554
2022-08-13,OFFL_L1B,synchronized,302.0047828601673,113,5.816581111111111
2022-08-13,OFFL_L2,synchronized,11.794712671078742,33,77.36619416666667
2022-08-14,NRTI_L2,synchronized,11.300444107502699,297,1.9409836111111112
2022-08-14,OFFL_L1B,synchronized,296.1967265950516,112,5.883243055555555
2022-08-14,OFFL_L2,synchronized,60.81434681452811,145,85.99022249999999
2022-08-15,NRTI_L2,synchronized,12.621332910843194,323,1.9603936111111113
2022-08-15,OFFL_L1B,synchronized,298.5916430577636,112,5.8674719444444445
2022-08-15,OFFL_L2,synchronized,43.54570365231484,121,86.40847888888888
2022-08-16,NRTI_L2,synchronized,12.440997933037579,315,1.93857
2022-08-16,OFFL_L1B,synchronized,316.7990043843165,119,5.985214444444445
2022-08-16,OFFL_L2,synchronized,60.8992177778855,147,88.87030583333333
2022-08-17,NRTI_L2,synchronized,11.004916316829622,292,1.9243279166666665
2022-08-17,OFFL_L1B,synchronized,280.30717429704964,105,5.991368888888889
2022-08-17,OFFL_L2,synchronized,66.18171278014779,166,82.87771125
2022-08-18,NRTI_L2,synchronized,11.066507572308183,305,1.9470244444444442
2022-08-18,OFFL_L1B,synchronized,319.9542940063402,120,5.983913333333334
2022-08-18,OFFL_L2,synchronized,61.976047145202756,153,78.9680861111111
2022-08-19,NRTI_L2,synchronized,11.70397889893502,314,1.9287138888888888
2022-08-19,OFFL_L1B,synchronized,276.92170078493655,104,5.882320138888888
2022-08-19,OFFL_L2,synchronized,52.290239460766315,141,78.92332277777778
2022-08-20,NRTI_L2,synchronized,12.118443091399968,326,1.9588159722222223
2022-08-20,OFFL_L1B,synchronized,316.72593200951815,120,5.88156986111111
2022-08-20,OFFL_L2,synchronized,23.870174451731145,64,88.58933541666667
2022-08-21,NRTI_L2,synchronized,11.291345704346895,330,1.9135743055555556
2022-08-21,OFFL_L1B,synchronized,317.61977384146303,120,5.730252083333333
2022-08-21,OFFL_L2,synchronized,50.31003989651799,105,96.00535194444444
2022-08-22,NRTI_L2,synchronized,10.687692530453205,299,1.9638308333333334
2022-08-22,OFFL_L1B,synchronized,298.45833827368915,112,5.881475833333333
2022-08-22,OFFL_L2,synchronized,89.58191774133593,232,90.93075375000001
2022-08-23,NRTI_L2,synchronized,11.812261761166155,324,2.448571666666667
2022-08-23,OFFL_L1B,synchronized,298.47027985099703,112,6.136439305555555
2022-08-23,OFFL_L2,synchronized,54.58963867556304,142,84.49739722222222
2022-08-24,NRTI_L2,synchronized,11.391906771808863,306,2.461953888888889
2022-08-24,OFFL_L1B,synchronized,297.48218103311956,112,6.255747777777778
2022-08-24,OFFL_L2,synchronized,54.00030814576894,145,84.0489375
2022-08-25,NRTI_L2,synchronized,11.181629460304976,322,1.9784072222222222
2022-08-25,OFFL_L1B,synchronized,298.5979234818369,112,5.856385277777778
2022-08-25,OFFL_L2,synchronized,56.61805838532746,141,82.01137527777777
2022-08-26,NRTI_L2,synchronized,11.788053810596466,338,1.9617770833333332
2022-08-26,OFFL_L1B,synchronized,296.22385116573423,112,5.6427587500000005
2022-08-26,OFFL_L2,synchronized,59.69372524973005,140,87.27836777777779
2022-08-27,NRTI_L2,synchronized,11.555545082315803,325,1.8951755555555554
2022-08-27,OFFL_L1B,synchronized,314.68584763165563,118,5.895523194444444
2022-08-27,OFFL_L2,synchronized,60.967050049453974,154,82.99764
2022-08-28,NRTI_L2,synchronized,11.42019778303802,308,1.9118193055555555
2022-08-28,OFFL_L1B,synchronized,302.15948853548616,113,5.7104477777777785
2022-08-28,OFFL_L2,synchronized,61.39329416304827,156,79.21291180555556
2022-08-29,NRTI_L2,synchronized,10.832256591878831,308,1.9118197222222222
2022-08-29,OFFL_L1B,synchronized,302.82254747487605,113,5.719300277777777
2022-08-29,OFFL_L2,synchronized,56.129260015673935,148,77.27325833333333
2022-08-30,NRTI_L2,synchronized,7.198376094922423,225,1.9784163888888888
2022-08-30,OFFL_L1B,synchronized,255.59518494736403,96,5.833495694444444
2022-08-30,OFFL_L2,synchronized,52.814555396325886,143,75.71156083333334
2022-08-31,NRTI_L2,synchronized,11.35542310681194,331,1.9376058333333335
2022-08-31,OFFL_L1B,synchronized,341.40526018757373,128,6.040955138888888
2022-08-31,OFFL_L2,synchronized,63.08791303448379,163,75.39822305555556
2022-09-01,NRTI_L2,synchronized,11.550456102006137,315,1.9210408333333333
2022-09-01,OFFL_L1B,synchronized,298.43753721844405,112,5.750157777777778
2022-09-01,OFFL_L2,synchronized,92.14909602981061,231,70.84960416666667
2022-09-01,Unknown,deleted,0.0,1,0.0
2022-09-02,NRTI_L2,synchronized,10.037746811285615,272,1.9876070833333332
2022-09-02,OFFL_L1B,synchronized,258.64009852614254,100,6.013993888888889
2022-09-02,OFFL_L2,synchronized,100.11333321593702,270,60.09902722222222
2022-09-03,NRTI_L2,synchronized,8.438919182866812,243,5.737546944444445
2022-09-03,OFFL_L1B,synchronized,239.8781408565119,91,11.8634825
2022-09-03,OFFL_L2,synchronized,77.35441454313695,213,47.765881111111106
2022-09-04,NRTI_L2,synchronized,8.879223180934787,273,8.754307222222222
2022-09-04,OFFL_L1B,synchronized,252.40802364982665,95,16.329889722222223
2022-09-04,OFFL_L2,synchronized,64.18464666139334,166,47.51774472222222
2022-09-05,NRTI_L2,synchronized,7.9980995850637555,248,16.112613194444442
2022-09-05,OFFL_L1B,synchronized,221.37646262906492,85,22.182959166666667
2022-09-05,OFFL_L2,synchronized,60.74147736094892,159,53.427700277777774
2022-09-05,Unknown,deleted,0.0,1,0.0
2022-09-06,NRTI_L2,synchronized,16.559028948657215,451,6.754255277777777
2022-09-06,OFFL_L1B,synchronized,516.5396680561826,191,13.310113611111111
2022-09-06,OFFL_L2,synchronized,115.47819479182363,300,48.77092458333334
2022-09-07,NRTI_L2,synchronized,8.959789757616818,280,1.9042244444444445
2022-09-07,OFFL_L1B,synchronized,336.49321705661714,125,5.880298611111112
2022-09-07,OFFL_L2,synchronized,72.18648208398372,188,39.46239055555556
2022-09-07,Unknown,deleted,0.0,1,0.0
2022-09-08,NRTI_L2,synchronized,9.89191963057965,288,1.9542344444444444
2022-09-08,OFFL_L1B,synchronized,295.76442146115005,112,5.915825694444445
2022-09-08,OFFL_L2,synchronized,69.09465284552425,182,39.73198458333333
2022-09-09,NRTI_L2,synchronized,10.769702586345375,313,1.937618611111111
2022-09-09,OFFL_L1B,synchronized,298.2608465105295,112,5.802425833333333
2022-09-09,OFFL_L2,synchronized,69.96242857258767,182,39.45515097222223
2022-09-11,NRTI_L2,synchronized,9.554970631375909,308,1.8876468055555555
2022-09-11,OFFL_L1B,synchronized,298.31944397557527,112,5.715825694444444
2022-09-11,OFFL_L2,synchronized,71.05449539702386,187,39.426925555555556
2022-09-12,NRTI_L2,synchronized,9.499452573247254,297,1.920973611111111
2022-09-12,OFFL_L1B,synchronized,319.77186373993754,120,5.851015277777778
2022-09-12,OFFL_L2,synchronized,72.19199242535979,186,39.31481166666667
2022-09-13,NRTI_L2,synchronized,10.110362770967185,288,1.970968888888889
2022-09-13,OFFL_L1B,synchronized,289.4979531718418,109,5.9204388888888895
2022-09-13,OFFL_L2,synchronized,68.44880795478821,181,39.37181388888889
2022-09-10,NRTI_L2,synchronized,9.695469195954502,297,1.9043166666666667
2022-09-10,OFFL_L1B,synchronized,298.24749378301203,112,5.8101344444444445
2022-09-10,OFFL_L2,synchronized,70.1653712540865,186,39.607351666666666
2022-09-14,NRTI_L2,synchronized,9.495732047595084,288,1.9295418055555555
2022-09-14,OFFL_L1B,synchronized,304.5246985340491,115,6.196751111111111
2022-09-14,OFFL_L2,synchronized,70.58196182176471,184,39.51150083333333
2022-09-15,NRTI_L2,synchronized,8.773818659596145,276,1.8961958333333335
2022-09-15,OFFL_L1B,synchronized,298.1350456364453,112,5.9924816666666665
2022-09-15,OFFL_L2,synchronized,62.15569844841957,171,39.084020555555554
2022-09-16,NRTI_L2,synchronized,8.825929612852633,276,1.946184861111111
2022-09-16,OFFL_L1B,synchronized,298.06395891401917,112,5.9219175
2022-09-16,OFFL_L2,synchronized,78.61161832977086,200,39.895727638888886
2022-09-17,NRTI_L2,synchronized,9.994708093814552,315,1.8962630555555555
2022-09-17,OFFL_L1B,synchronized,279.0194057105109,104,5.992539305555555
2022-09-17,OFFL_L2,synchronized,67.50102821271867,175,39.43036055555556
2022-09-18,NRTI_L2,synchronized,8.595414584502578,263,1.9296002777777777
2022-09-18,OFFL_L1B,synchronized,296.94776509609073,111,5.694837777777778
2022-09-18,OFFL_L2,synchronized,68.94421584811062,181,39.492107777777775
2022-09-19,NRTI_L2,synchronized,8.480806605890393,280,1.9212269444444448
2022-09-19,OFFL_L1B,synchronized,280.59938282705843,104,5.898856111111112
2022-09-19,OFFL_L2,synchronized,66.2611135346815,171,39.72834194444444
2022-09-20,NRTI_L2,synchronized,8.262701884843409,265,1.912937222222222
2022-09-20,OFFL_L1B,synchronized,280.950552883558,105,6.018351944444444
2022-09-20,OFFL_L2,synchronized,65.63484332337976,173,39.60465055555556
2022-09-21,NRTI_L2,synchronized,5.935281600803137,208,1.9350279166666666
2022-09-21,OFFL_L1B,synchronized,257.46935931313783,96,5.646450833333334
2022-09-21,OFFL_L2,synchronized,65.47650057077408,169,40.42458944444444
2022-09-22,NRTI_L2,synchronized,11.54599338863045,362,5.412958333333333
2022-09-22,OFFL_L1B,synchronized,134.71079526934773,56,11.375109583333334
2022-09-22,OFFL_L2,synchronized,61.8950809314847,160,44.6560375
2022-09-23,NRTI_L2,synchronized,7.652087986469269,243,1.9211830555555556
2022-09-23,OFFL_L1B,synchronized,278.89076655358076,104,21.143012916666667
2022-09-23,OFFL_L2,synchronized,61.64034530054778,168,39.491264722222226
2022-09-24,NRTI_L2,synchronized,6.907471453770995,253,1.9211744444444445
2022-09-24,OFFL_L1B,synchronized,426.5709722796455,160,8.774596666666667
2022-09-24,OFFL_L2,synchronized,64.23803195543587,168,39.531893611111116
2022-09-25,NRTI_L2,synchronized,7.582594669423997,254,1.9312666666666667
2022-09-25,OFFL_L1B,synchronized,290.7008973900229,109,5.9474141666666664
2022-09-25,OFFL_L2,synchronized,69.29395286273211,182,39.508252222222225
2022-09-26,NRTI_L2,synchronized,8.431094022467732,288,1.9479080555555557
2022-09-26,OFFL_L1B,synchronized,286.3208646196872,109,5.977135555555555
2022-09-26,OFFL_L2,synchronized,70.47718775458634,187,39.59538222222222
2022-09-27,NRTI_L2,synchronized,8.511608499102294,296,1.8895569444444442
2022-09-27,OFFL_L1B,synchronized,314.33457233477384,118,5.7021259722222215
2022-09-27,OFFL_L2,synchronized,69.24781520850956,182,39.5066
2022-09-28,NRTI_L2,synchronized,6.496170138940215,234,1.914575
2022-09-28,OFFL_L1B,synchronized,313.9600661583245,118,5.831792500000001
2022-09-28,OFFL_L2,synchronized,62.84115894790739,171,39.28368583333334
2022-09-29,NRTI_L2,synchronized,7.6449092123657465,270,1.9478594444444444
2022-09-29,OFFL_L1B,synchronized,281.68827926181257,106,5.848777777777778
2022-09-29,OFFL_L2,synchronized,77.15697209071368,196,39.90300652777778
2022-09-30,NRTI_L2,synchronized,8.363671064376831,288,1.8812986111111112
2022-09-30,OFFL_L1B,synchronized,297.848875858821,112,5.712222638888889
2022-09-30,OFFL_L2,synchronized,64.51964800711721,169,39.638036111111106
2022-10-01,NRTI_L2,synchronized,7.209344898350537,270,1.8812826388888888
2022-10-01,OFFL_L1B,synchronized,297.77223084867,112,5.7083538888888885
2022-10-01,OFFL_L2,synchronized,68.80881556402892,180,39.519800000000004
2022-10-02,NRTI_L2,synchronized,6.98439353890717,277,1.8978497222222221
2022-10-02,OFFL_L1B,synchronized,297.8551883716136,112,5.740628194444444
2022-10-02,OFFL_L2,synchronized,71.0798570914194,190,39.47243208333333
2022-10-03,NRTI_L2,synchronized,6.92082560993731,259,1.8645763888888889
2022-10-03,OFFL_L1B,synchronized,297.6928653558716,112,5.9685001388888885
2022-10-03,OFFL_L2,synchronized,70.05246393289417,184,39.75384583333333
2022-10-04,NRTI_L2,synchronized,7.701298488304019,270,1.9479083333333334
2022-10-04,OFFL_L1B,synchronized,278.7072771182284,104,5.884471388888889
2022-10-04,OFFL_L2,synchronized,65.48213802464306,171,39.614397222222216
2022-10-05,NRTI_L2,synchronized,7.129265071824193,268,1.8812075
2022-10-05,OFFL_L1B,synchronized,300.07714502420276,112,5.816071388888888
2022-10-05,OFFL_L2,synchronized,71.69848376885056,186,40.05050111111111
2022-10-06,NRTI_L2,synchronized,5.84699983894825,225,1.9146569444444446
2022-10-06,OFFL_L1B,synchronized,278.6955241682008,104,5.882555972222222
2022-10-06,OFFL_L2,synchronized,65.12764942832291,172,39.603093333333334
2022-10-07,NRTI_L2,synchronized,6.470002516172826,270,1.8812209722222222
2022-10-07,OFFL_L1B,synchronized,274.3178919516504,104,6.139720694444445
2022-10-07,OFFL_L2,synchronized,64.93155763391405,169,39.831784444444445
2022-10-08,NRTI_L2,synchronized,7.464569619856775,279,1.9145422222222221
2022-10-08,OFFL_L1B,synchronized,278.5236317338422,104,5.939849722222222
2022-10-08,OFFL_L2,synchronized,66.0949660167098,175,39.517047500000004
2022-10-09,NRTI_L2,synchronized,6.175000569783151,243,1.864537222222222
2022-10-09,OFFL_L1B,synchronized,300.0622804230079,112,5.909870138888889
2022-10-09,OFFL_L2,synchronized,66.98730132170022,174,39.732053333333326
2022-10-10,NRTI_L2,synchronized,5.885377028957009,225,1.8647652777777777
2022-10-10,OFFL_L1B,synchronized,257.1976504288614,96,5.862157916666667
2022-10-10,OFFL_L2,synchronized,64.64801896363497,169,39.438522500000005
2022-10-11,NRTI_L2,synchronized,5.713721859268844,225,1.8645277777777778
2022-10-11,OFFL_L1B,synchronized,276.24016692955047,104,5.887681527777778
2022-10-11,OFFL_L2,synchronized,63.16685558017343,164,39.74553847222222
2022-10-12,NRTI_L2,synchronized,6.41027444973588,252,1.85621875
2022-10-12,OFFL_L1B,synchronized,278.6619556415826,104,5.759935555555556
2022-10-12,OFFL_L2,synchronized,65.53913464210927,171,39.443620833333334
2022-10-13,NRTI_L2,synchronized,6.704525209031999,260,1.8645888888888889
2022-10-13,OFFL_L1B,synchronized,278.6089411498979,104,5.9170011111111105
2022-10-13,OFFL_L2,synchronized,66.55048263818026,173,39.55614944444444
2022-10-14,NRTI_L2,synchronized,5.079045357182622,207,1.8645505555555555
2022-10-14,OFFL_L1B,synchronized,293.382262615487,110,5.956004861111111
2022-10-14,OFFL_L2,synchronized,66.79121960047632,174,39.73183638888889
2022-10-15,NRTI_L2,synchronized,3.280265247449279,144,1.8646733333333334
2022-10-15,OFFL_L1B,synchronized,175.80108713172376,66,5.994863472222223
2022-10-15,OFFL_L2,synchronized,34.59168110135943,91,39.31839333333333
2022-10-16,NRTI_L2,synchronized,8.736523192375898,342,2.472934027777778
2022-10-16,OFFL_L1B,synchronized,423.69315578136593,160,6.846861527777778
2022-10-16,OFFL_L2,synchronized,97.7510155485943,256,45.12873902777778
2022-10-17,NRTI_L2,synchronized,5.570767807774246,246,1.8728845833333334
2022-10-17,OFFL_L1B,synchronized,297.7046024873853,112,5.932750972222222
2022-10-17,OFFL_L2,synchronized,70.49596916604787,186,39.41887277777778
2022-10-18,NRTI_L2,synchronized,5.085016280412674,240,1.8812056944444446
2022-10-18,OFFL_L1B,synchronized,297.63970998860896,112,5.82459388888889
2022-10-18,OFFL_L2,synchronized,69.03847300168127,183,39.376269444444446
2022-10-19,NRTI_L2,synchronized,4.5109485406428576,215,1.89789
2022-10-19,OFFL_L1B,synchronized,273.0630410714075,103,5.849891111111111
2022-10-19,OFFL_L2,synchronized,55.3332390403375,149,39.21996944444445
2022-10-20,NRTI_L2,synchronized,7.073683966882527,278,1.9478543055555555
2022-10-20,OFFL_L1B,synchronized,343.7668124195188,129,5.820828055555555
2022-10-20,OFFL_L2,synchronized,85.85705499537289,219,40.622328333333336
2022-10-21,NRTI_L2,synchronized,5.349813311360776,243,1.864507222222222
2022-10-21,OFFL_L1B,synchronized,297.6036579469219,112,5.6860920833333335
2022-10-21,OFFL_L2,synchronized,68.68481718655676,181,39.4904
2022-10-22,NRTI_L2,synchronized,4.0559054194018245,187,1.9145566666666667
2022-10-22,OFFL_L1B,synchronized,278.5112663535401,104,5.895254027777778
2022-10-22,OFFL_L2,synchronized,69.16764239221811,183,39.55102888888889
2022-10-23,NRTI_L2,synchronized,4.919461427256465,234,1.8979926388888888
2022-10-23,OFFL_L1B,synchronized,270.42047708295286,100,5.8110390277777775
2022-10-23,OFFL_L2,synchronized,70.75147600006312,187,39.51966111111111
2022-10-24,NRTI_L2,synchronized,5.181200680322945,198,1.8812568055555556
2022-10-24,OFFL_L1B,synchronized,235.59070588927716,88,5.812104861111111
2022-10-24,OFFL_L2,synchronized,52.91136282030493,142,39.22235791666667
2022-10-25,NRTI_L2,synchronized,4.860116604715586,207,1.9146252777777777
2022-10-25,OFFL_L1B,synchronized,235.569805261679,88,6.002181388888889
2022-10-25,OFFL_L2,synchronized,67.49543366581202,167,40.34909
2022-10-26,NRTI_L2,synchronized,4.04244492482394,189,1.914516388888889
2022-10-26,OFFL_L1B,synchronized,235.53129049111158,88,5.756769305555556
2022-10-26,OFFL_L2,synchronized,55.635105359368026,143,39.57722277777778
2022-10-27,NRTI_L2,synchronized,5.522882843390107,225,1.8682016666666665
2022-10-27,OFFL_L1B,synchronized,256.9003832517192,96,6.226851527777778
2022-10-27,OFFL_L2,synchronized,53.8457124941051,144,39.49426083333333
2022-10-28,NRTI_L2,synchronized,4.473524132743478,189,1.8514305555555555
2022-10-28,OFFL_L1B,synchronized,214.04865907505155,80,5.8148
2022-10-28,OFFL_L2,synchronized,60.73859095945954,156,39.53828763888889
2022-10-29,NRTI_L2,synchronized,4.079944882541895,171,1.8847644444444445
2022-10-29,OFFL_L1B,synchronized,192.61411747522652,72,6.1338663888888885
2022-10-29,OFFL_L2,synchronized,52.39758173376322,135,39.71478472222223
2022-10-30,NRTI_L2,synchronized,4.347730810754001,189,1.8850494444444443
2022-10-30,OFFL_L1B,synchronized,192.6345473024994,72,5.679239027777777
2022-10-30,OFFL_L2,synchronized,49.181476121768355,125,39.62511277777777
2022-10-31,NRTI_L2,synchronized,4.879509721882641,197,1.8847627777777778
2022-10-31,OFFL_L1B,synchronized,210.12996761873364,78,5.936865694444444
2022-10-31,OFFL_L2,synchronized,47.214785162359476,121,39.64325166666667
2022-11-01,NRTI_L2,synchronized,4.472374535165727,187,1.8681152777777779
2022-11-01,OFFL_L1B,synchronized,171.19226895738393,64,6.1584706944444445
2022-11-01,OFFL_L2,synchronized,45.013514863327146,119,39.62820416666667
2022-11-02,NRTI_L2,synchronized,3.13030943274498,153,1.8850208333333334
2022-11-02,OFFL_L1B,synchronized,217.3061101268977,81,5.9301538888888885
2022-11-02,OFFL_L2,synchronized,52.97193967085332,136,39.60559138888889
2022-11-03,NRTI_L2,synchronized,4.259054538793862,188,1.884826388888889
2022-11-03,OFFL_L1B,synchronized,229.75484247040004,87,5.8482811111111115
2022-11-03,OFFL_L2,synchronized,46.31460986007005,121,39.549926388888885
2022-11-04,NRTI_L2,synchronized,4.371939526870847,189,1.8683116666666666
2022-11-04,OFFL_L1B,synchronized,209.2262196019292,80,5.897279166666667
2022-11-04,OFFL_L2,synchronized,49.89721600804478,130,39.38441513888889
2022-11-05,NRTI_L2,synchronized,3.850092777982354,164,1.884887361111111
2022-11-05,OFFL_L1B,synchronized,194.54541015531868,74,5.816559027777778
2022-11-05,OFFL_L2,synchronized,28.01635691523552,72,40.15172069444445
2022-11-06,NRTI_L2,synchronized,3.2893719961866736,171,1.9014880555555556
2022-11-06,OFFL_L1B,synchronized,211.76034530065954,80,5.547180277777778
2022-11-06,OFFL_L2,synchronized,66.85093075130135,176,47.60707680555555
2022-11-07,NRTI_L2,synchronized,3.717847863212228,171,1.8681222222222222
2022-11-07,OFFL_L1B,synchronized,211.81351768784225,80,5.787903611111112
2022-11-07,OFFL_L2,synchronized,45.068855193443596,120,39.671833194444446
2022-11-08,NRTI_L2,synchronized,4.079511769115925,180,1.8514433333333333
2022-11-08,OFFL_L1B,synchronized,189.19608189631253,72,5.549393055555556
2022-11-08,OFFL_L2,synchronized,51.61368658579886,136,39.528196944444446
2022-11-09,NRTI_L2,synchronized,3.7169580990448594,162,1.8681929166666666
2022-11-09,OFFL_L1B,synchronized,171.29227434005588,64,5.680452916666667
2022-11-09,OFFL_L2,synchronized,45.4266119832173,119,39.64995861111111
2022-11-10,NRTI_L2,synchronized,3.3427553912624717,162,1.893317638888889
2022-11-10,OFFL_L1B,synchronized,192.61352555826306,72,5.745533055555556
2022-11-10,OFFL_L2,synchronized,45.9914077790454,120,39.45251694444444
2022-11-11,NRTI_L2,synchronized,3.87940485868603,174,1.8681431944444444
2022-11-11,OFFL_L1B,synchronized,175.70594666805118,67,5.866376944444444
2022-11-11,OFFL_L2,synchronized,40.294894258491695,105,39.611896111111115
2022-11-12,NRTI_L2,synchronized,4.229956129565835,187,1.8515766666666669
2022-11-12,OFFL_L1B,synchronized,155.73445695266128,58,6.232630555555556
2022-11-12,OFFL_L2,synchronized,38.03360894974321,98,41.15862347222222
2022-11-13,NRTI_L2,synchronized,3.393431388773024,162,1.8348109722222223
2022-11-13,OFFL_L1B,synchronized,246.33308130409569,91,6.187726111111111
2022-11-13,OFFL_L2,synchronized,51.35115364007652,135,39.991435833333334
2022-11-14,NRTI_L2,synchronized,3.424279981292784,160,1.8848458333333333
2022-11-14,OFFL_L1B,synchronized,187.96644951216877,69,5.696246111111111
2022-11-14,OFFL_L2,synchronized,37.55856448691338,94,41.21601597222222
2022-11-15,NRTI_L2,synchronized,3.550883024930954,162,1.8849306944444444
2022-11-15,OFFL_L1B,synchronized,106.92387000564486,40,5.808060277777777
2022-11-15,OFFL_L2,synchronized,6.923323906026781,12,195.8967827777778
2022-11-16,NRTI_L2,synchronized,1.6258629942312837,72,1.9830452777777778
2022-11-16,OFFL_L1B,synchronized,81.95137087069452,32,26.261144722222223
2022-11-16,OFFL_L2,synchronized,43.07188694179058,116,76.70914666666667
2022-11-17,NRTI_L2,synchronized,0.8879317361861467,73,2.389099444444444
2022-11-17,OFFL_L1B,synchronized,325.9882391933352,116,6.195601388888889
2022-11-17,OFFL_L2,synchronized,66.30128880776465,172,65.28713430555555
2022-11-18,NRTI_L2,synchronized,1.416956434957683,95,1.8057105555555555
2022-11-18,OFFL_L1B,synchronized,172.7027898421511,64,4.312367777777778
2022-11-18,OFFL_L2,synchronized,34.19707220327109,99,43.55504416666667
2022-11-19,OFFL_L2,synchronized,0.6200829902663827,3,37.07335472222222
2022-11-20,NRTI_L2,synchronized,0.046295324340462685,13,17.48892777777778
2022-11-25,NRTI_L2,synchronized,16.104223990812898,774,69.01422124999999
2022-11-25,OFFL_L1B,synchronized,932.0946620078757,344,53.445102222222225
2022-11-25,OFFL_L2,synchronized,88.43936397880316,205,197.5483763888889
2022-11-25,Unknown,deleted,0.0,18,0.0
2022-11-26,NRTI_L2,synchronized,3.278827025555074,152,1.8309480555555555
2022-11-26,OFFL_L1B,synchronized,172.20505711436272,63,4.456870555555556
2022-11-26,OFFL_L2,synchronized,24.453474548645318,56,191.82499680555554
2022-11-27,NRTI_L2,synchronized,2.65510796289891,117,1.8808630555555554
2022-11-27,OFFL_L1B,synchronized,131.45503162313253,48,4.390718055555555
2022-11-27,OFFL_L2,synchronized,7.860243583098054,17,176.7024297222222
2022-11-28,NRTI_L2,synchronized,2.0237386506050825,117,1.8642561111111111
2022-11-28,OFFL_L1B,synchronized,134.16627575829625,50,4.400424166666666
2022-11-28,OFFL_L2,synchronized,51.65781550388783,131,196.67711805555555
2022-12-02,NRTI_L2,synchronized,2.1545054567977786,117,1.9142252777777777
2022-12-02,OFFL_L1B,synchronized,153.37162059824914,56,4.371194027777777
2022-12-02,OFFL_L2,synchronized,43.506116749718785,111,191.8825611111111
2022-12-03,NRTI_L2,synchronized,2.748014601878822,135,1.8331833333333334
2022-12-03,OFFL_L1B,synchronized,153.3740104548633,56,4.317609166666667
2022-12-03,OFFL_L2,synchronized,73.54743624385446,196,183.1259202777778
2022-12-04,NRTI_L2,synchronized,3.291856269352138,144,1.9000363888888887
2022-12-04,OFFL_L1B,synchronized,153.43242496810853,56,4.589055694444445
2022-12-04,OFFL_L2,synchronized,30.50914320908487,76,171.22781111111112
2022-12-05,NRTI_L2,synchronized,2.5732213724404573,128,1.900063611111111
2022-12-05,OFFL_L1B,synchronized,164.41947475168854,60,4.5733259722222215
2022-12-05,OFFL_L2,synchronized,34.74927178584039,91,174.32028722222222
2022-12-05,Unknown,synchronized,553.4053045306355,3454,37346.11430902778
2022-12-05,NRTI_L2,synchronized,2.5732213724404573,128,1.900063611111111
2022-12-05,OFFL_L1B,synchronized,164.41947475168854,60,4.5733259722222215
2022-12-05,OFFL_L2,synchronized,34.74927178584039,91,174.32028722222222
2022-12-05,Unknown,synchronized,553.4053045306355,3454,37346.11430902778
2022-12-06,NRTI_L2,synchronized,2.048440338112414,108,5.033408333333334
2022-12-06,OFFL_L1B,synchronized,84.96767011098564,30,8.835729583333332
2022-12-06,OFFL_L2,synchronized,4.928736875765026,13,197.10477944444443
2022-12-06,Unknown,synchronized,1408.5700717419386,7392,26231.171275694447
2022-12-07,NRTI_L2,synchronized,2.0964140789583325,106,11.433417916666667
2022-12-07,OFFL_L1B,synchronized,134.08937377948314,50,13.647103333333334
2022-12-07,OFFL_L2,synchronized,47.269624488428235,134,198.53063555555556
2022-12-07,Unknown,synchronized,1261.5368090290576,6100,12562.489730833333
2022-12-08,NRTI_L2,synchronized,1.1548110824078321,46,11.216722083333334
2022-12-08,OFFL_L1B,synchronized,87.63846203219146,32,13.952738888888888
2022-12-08,OFFL_L2,synchronized,23.41463098116219,52,192.78991277777777
2022-12-08,Unknown,synchronized,1386.523595687002,5463,35260.493700555555
2022-12-09,NRTI_L2,synchronized,5.498725107870996,243,19.783486944444444
2022-12-09,OFFL_L1B,synchronized,262.7404778636992,96,18.182779166666666
2022-12-09,OFFL_L2,synchronized,35.236028145067394,89,192.59863722222224
2022-12-09,Unknown,synchronized,2647.7364368075505,8813,19426.57312555556
2022-12-10,NRTI_L2,synchronized,1.6093090856447816,90,1.90007375
2022-12-10,OFFL_L1B,synchronized,109.52076785173267,40,3.9941368055555557
2022-12-10,OFFL_L2,synchronized,62.98863987252116,162,185.11250430555558
2022-12-10,Unknown,synchronized,843.5460719447583,2751,22930.820189444443
2022-12-11,NRTI_L2,synchronized,2.3134899996221066,117,1.8167791666666666
2022-12-11,OFFL_L1B,synchronized,131.4353003501892,48,4.194529166666666
2022-12-11,OFFL_L2,synchronized,36.35013758111745,98,174.09834361111112
2022-12-12,NRTI_L2,synchronized,2.4176173331215978,115,1.8833955555555555
2022-12-12,OFFL_L1B,synchronized,148.45070437341928,56,4.503911666666666
2022-12-12,OFFL_L2,synchronized,36.80476907733828,97,172.51865805555556
2022-12-12,Unknown,synchronized,786.5409477502108,1690,23095.620434305558
2022-12-13,NRTI_L2,synchronized,1.8982944702729583,99,1.8744791666666667
2022-12-13,OFFL_L1B,synchronized,128.9620108101517,48,5.294035555555555
2022-12-13,OFFL_L2,synchronized,35.14839625172317,93,170.30443555555556
2022-12-13,Unknown,synchronized,1620.1838253783062,3878,16387.90910375
2022-12-14,NRTI_L2,synchronized,2.8087013522163033,126,1.8653226388888888
2022-12-14,OFFL_L1B,synchronized,107.0887406943366,40,4.536218611111111
2022-12-14,OFFL_L2,synchronized,34.961248747073114,91,171.17898888888888
2022-12-14,Unknown,synchronized,1613.7302808342502,3519,10482.72335361111
2022-12-15,Unknown,synchronized,644.1719541205093,1532,29481.217514722222
2022-12-18,NRTI_L2,synchronized,7.229836979880929,367,20.248694444444446
2022-12-18,OFFL_L1B,synchronized,437.9666639752686,160,21.36664652777778
2022-12-18,OFFL_L2,synchronized,84.6694392664358,221,187.15573333333333
2022-12-18,Unknown,synchronized,219.1095888549462,615,32201.512340833335
2022-12-18,NRTI_L2,synchronized,7.229836979880929,367,20.248694444444446
2022-12-18,OFFL_L1B,synchronized,437.9666639752686,160,21.36664652777778
2022-12-18,OFFL_L2,synchronized,84.6694392664358,221,187.15573333333333
2022-12-18,Unknown,synchronized,219.1095888549462,615,32201.512340833335
2022-12-18,NRTI_L2,synchronized,7.229836979880929,367,20.248694444444446
2022-12-18,OFFL_L1B,synchronized,437.9666639752686,160,21.36664652777778
2022-12-18,OFFL_L2,synchronized,84.6694392664358,221,187.15573333333333
2022-12-18,Unknown,synchronized,219.1095888549462,615,32201.512340833335
2022-12-19,NRTI_L2,synchronized,2.8938385285437107,135,1.8986544444444444
2022-12-19,OFFL_L1B,synchronized,153.25565314292908,56,4.4900359722222225
2022-12-19,OFFL_L2,synchronized,35.839355054311454,96,168.4656186111111
2022-12-19,Unknown,synchronized,728.1612114999443,3759,10825.161230555555
2022-12-19,NRTI_L2,synchronized,2.8938385285437107,135,1.8986544444444444
2022-12-19,OFFL_L1B,synchronized,153.25565314292908,56,4.4900359722222225
2022-12-19,OFFL_L2,synchronized,35.839355054311454,96,168.4656186111111
2022-12-19,Unknown,synchronized,728.1612114999443,3759,10825.161230555555
2022-12-20,NRTI_L2,synchronized,1.639233523979783,106,3.0153261111111114
2022-12-20,OFFL_L1B,synchronized,145.11082807090133,52,5.515009583333334
2022-12-20,OFFL_L2,synchronized,34.20997496135533,88,161.73339416666667
2022-12-20,Unknown,synchronized,1502.3962341276929,8463,30206.16236416667
2022-12-22,NRTI_L2,synchronized,2.6563261449337006,135,1.8820205555555556
2022-12-22,OFFL_L1B,synchronized,153.2757082162425,56,4.249600694444444
2022-12-22,OFFL_L2,synchronized,28.0742241833359,81,162.28370722222223
2022-12-22,NRTI_L2,synchronized,2.6563261449337006,135,1.8820205555555556
2022-12-22,OFFL_L1B,synchronized,153.2757082162425,56,4.249600694444444
2022-12-22,OFFL_L2,synchronized,28.0742241833359,81,162.28370722222223
2022-12-23,NRTI_L2,synchronized,2.6552866166457534,126,1.8487281944444445
2022-12-23,OFFL_L1B,synchronized,153.2528063552454,56,4.357573472222223
2022-12-23,OFFL_L2,synchronized,29.888509745709598,82,159.8678713888889
2022-12-24,NRTI_L2,synchronized,1.8535092296078801,117,1.8820122222222222
2022-12-24,OFFL_L1B,synchronized,153.22207790333778,56,4.241231527777778
2022-12-24,OFFL_L2,synchronized,54.94118417054415,144,155.98111527777777
2022-12-25,NRTI_L2,synchronized,2.2791697289794683,117,5.682126111111111
2022-12-25,OFFL_L1B,synchronized,131.36524391453713,48,6.410195694444445
2022-12-25,OFFL_L2,synchronized,51.7590114781633,137,149.00230611111112
2022-12-26,NRTI_L2,synchronized,2.3608732782304287,108,1.8653119444444444
2022-12-26,OFFL_L1B,synchronized,109.45122830104083,40,4.202596805555556
2022-12-26,OFFL_L2,synchronized,51.4002788271755,126,130.83614666666665
2022-12-27,NRTI_L2,synchronized,2.8380300188437104,126,1.8487040277777778
2022-12-27,OFFL_L1B,synchronized,131.4029720434919,48,4.122951944444445
2022-12-27,OFFL_L2,synchronized,34.877565862610936,91,117.40282333333333
2022-12-29,NRTI_L2,synchronized,2.3072482896968722,117,1.8660516666666667
2022-12-29,OFFL_L1B,synchronized,131.32241863105446,48,4.1905325
2022-12-29,OFFL_L2,synchronized,31.573078495450318,81,102.42955277777779
2022-12-30,NRTI_L2,synchronized,2.9755157502368093,135,1.8319758333333334
2022-12-30,OFFL_L1B,synchronized,150.777402873151,56,3.9452034722222225
2022-12-30,OFFL_L2,synchronized,26.087683870457113,67,98.87826694444445
2022-12-31,NRTI_L2,synchronized,2.0939343562349677,106,1.8653293055555555
2022-12-31,OFFL_L1B,synchronized,140.19244165252894,52,3.8816438888888887
2022-12-31,OFFL_L2,synchronized,30.398312327452004,79,93.29558861111111
2023-01-01,NRTI_L2,synchronized,2.140613842755556,116,1.8653541666666666
2023-01-01,OFFL_L1B,synchronized,150.87775741424412,56,4.199130555555556
2023-01-01,OFFL_L2,synchronized,52.621561139822006,139,87.8208075
2023-01-02,NRTI_L2,synchronized,2.2508430061861873,117,1.9154338888888889
2023-01-02,OFFL_L1B,synchronized,150.8648143094033,56,4.152582083333333
2023-01-02,OFFL_L2,synchronized,38.53650198224932,102,73.73301541666666
2023-01-04,NRTI_L2,synchronized,2.2645153990015388,117,1.848743888888889
2023-01-04,OFFL_L1B,synchronized,153.3098703538999,56,4.038416388888889
2023-01-04,OFFL_L2,synchronized,38.3603719798848,104,40.570293194444446
2023-01-05,NRTI_L2,synchronized,1.8793482230976224,117,1.9153286111111112
2023-01-05,OFFL_L1B,synchronized,153.270502849482,56,4.047134583333333
2023-01-05,OFFL_L2,synchronized,28.302771824412048,76,39.79549180555556
2023-01-06,NRTI_L2,synchronized,2.4053542725741863,126,1.8486508333333334
2023-01-06,OFFL_L1B,synchronized,149.22876003663987,54,3.994270833333333
2023-01-06,OFFL_L2,synchronized,37.48404956609011,97,40.470310833333336
2023-01-07,NRTI_L2,synchronized,2.9799704290926456,144,1.8486941666666667
2023-01-07,OFFL_L1B,synchronized,153.18318811058998,56,4.1311793055555555
2023-01-07,OFFL_L2,synchronized,34.594463867135346,90,40.52396736111111
2023-01-08,NRTI_L2,synchronized,2.8043668810278177,124,1.8653755555555556
2023-01-08,OFFL_L1B,synchronized,131.3505065459758,48,4.304157361111111
2023-01-08,OFFL_L2,synchronized,32.59586952254176,83,40.44701277777778
2023-01-09,NRTI_L2,synchronized,2.1252283481881022,117,1.8820983333333334
2023-01-09,OFFL_L1B,synchronized,153.25382766779512,56,3.93495125
2023-01-09,OFFL_L2,synchronized,32.93526160996407,85,40.28581361111111
2023-01-10,NRTI_L2,synchronized,2.6782971173524857,135,1.865318888888889
2023-01-10,OFFL_L1B,synchronized,153.28692374844104,56,4.1491397222222215
2023-01-10,OFFL_L2,synchronized,34.0851363716647,89,39.78510638888889
2023-01-11,NRTI_L2,synchronized,3.2550565097481012,143,1.8486486111111111
2023-01-11,OFFL_L1B,synchronized,153.29109697695822,56,4.201872916666667
2023-01-11,OFFL_L2,synchronized,33.95153625868261,91,40.08554111111111
2023-01-12,NRTI_L2,synchronized,3.2683877665549517,153,1.8487916666666666
2023-01-12,OFFL_L1B,synchronized,175.2554116109386,64,4.26286125
2023-01-12,OFFL_L2,synchronized,35.11056318040937,92,40.16375791666667
2023-01-13,NRTI_L2,synchronized,2.3713659215718508,116,1.9236933333333335
2023-01-13,OFFL_L1B,synchronized,131.38795366697013,48,4.245576527777778
2023-01-13,OFFL_L2,synchronized,35.417932350188494,93,40.09245083333334
2023-01-14,NRTI_L2,synchronized,2.8942839251831174,126,1.848673888888889
2023-01-14,OFFL_L1B,synchronized,131.3605132466182,48,4.1356054166666665
2023-01-14,OFFL_L2,synchronized,34.57722114212811,87,40.69157055555556
2023-01-15,NRTI_L2,synchronized,3.265628259629011,142,1.8486630555555554
2023-01-15,OFFL_L1B,synchronized,131.34685615915805,48,3.8676745833333332
2023-01-15,OFFL_L2,synchronized,30.488177889958024,79,40.1576175
2023-01-16,NRTI_L2,synchronized,2.70153013151139,117,1.8486827777777777
2023-01-16,OFFL_L1B,synchronized,131.3626264957711,48,3.9020080555555556
2023-01-16,OFFL_L2,synchronized,31.292839843779802,84,39.991201805555555
2023-01-17,NRTI_L2,synchronized,0.7508275182917714,45,1.8928500000000001
2023-01-17,OFFL_L1B,synchronized,65.70829866826534,24,4.234011805555555
2023-01-17,OFFL_L2,synchronized,31.84722910821438,81,39.84927305555556
2023-01-18,NRTI_L2,synchronized,3.054210833273828,144,1.8483716666666665
2023-01-18,OFFL_L1B,synchronized,279.8476668931544,104,4.987590694444444
2023-01-18,OFFL_L2,synchronized,35.60315751284361,94,40.43146791666666
2023-01-18,NRTI_L2,synchronized,3.054210833273828,144,1.8483716666666665
2023-01-18,OFFL_L1B,synchronized,279.8476668931544,104,4.987590694444444
2023-01-18,OFFL_L2,synchronized,35.60315751284361,94,40.43146791666666
2023-01-19,NRTI_L2,synchronized,2.7269178135320544,124,1.848379861111111
2023-01-19,OFFL_L1B,synchronized,162.12068603746593,60,4.303901805555555
2023-01-19,OFFL_L2,synchronized,39.9545978223905,104,39.90181305555556
2023-01-20,NRTI_L2,synchronized,2.1251105908304453,117,1.8651275
2023-01-20,OFFL_L1B,synchronized,150.8881212649867,56,4.09837125
2023-01-20,OFFL_L2,synchronized,39.37200974114239,103,40.29769944444444
2023-01-22,NRTI_L2,synchronized,3.4599206121638417,153,1.8650688888888887
2023-01-22,OFFL_L1B,synchronized,153.1844681520015,56,4.281165277777777
2023-01-22,OFFL_L2,synchronized,34.258995493873954,90,40.128977500000005
2023-01-23,NRTI_L2,synchronized,3.423648603260517,153,1.8650375000000001
2023-01-23,OFFL_L1B,synchronized,175.08909681346267,64,4.1977472222222225
2023-01-23,OFFL_L2,synchronized,38.692311683669686,102,39.853465416666666
2023-01-24,NRTI_L2,synchronized,2.7199526419863105,144,1.865132638888889
2023-01-24,OFFL_L1B,synchronized,175.09537634439766,64,4.076270555555556
2023-01-24,OFFL_L2,synchronized,34.326096759177744,90,39.82754027777778
